{
    "Coefficient": {
        "46_ClusterTE:ClusterID73:n2_f3:node2_ChatRtAsNode2:reciprocal_chat.0": 359449.59375,
        "52_ClusterTE:ClusterID41:n2_f9:reciprocal_chat.0": 53007.41796875,
        "29_node1_ChatRtAsNode1": 48478.9609375,
        "48_NumToCatWoE:n1_f13:node1_chatsAsNode1.0": 24689.943359375,
        "15_n1_f9": 20024.310546875,
        "33_node1_contactsAsNode1": 20022.716796875,
        "6_n1_f12": 16513.8984375,
        "9_n1_f3": 14948.5634765625,
        "12_n1_f6": 11475.15625,
        "36_node2_ChatRtAsNode2": 11213.8212890625,
        "41_reciprocal_chat": 10874.7705078125,
        "2_ml_sub_f9": 9144.43359375,
        "40_node2_contactsAsNode2": 9113.8037109375,
        "1_ml_sub_f13": 7795.9233398438,
        "43_sameNode": 7614.3940429688,
        "47_NumToCatWoE:n2_f3:node2_ChatRtAsNode1:node2_ChatRtAsNode2:reciprocal_chat.0": 7525.8974609375,
        "35_node2_ChatRtAsNode1": 7399.046875,
        "30_node1_ChatRtAsNode2": 7366.6352539062,
        "19_n2_f12": 5717.5014648438,
        "20_n2_f13": 5311.6791992188,
        "39_node2_contactsAsNode1": 4104.3012695312,
        "32_node1_chatsAsNode2": 3780.3205566406,
        "34_node1_contactsAsNode2": 3510.1315917969,
        "50_InteractionAdd:n2_f3:reciprocal_chat": 3250.2993164062,
        "51_ClusterDist9:n1_f13:node1_chatsAsNode1.7": 3064.8452148438,
        "22_n2_f3": 2923.5297851562,
        "37_node2_chatsAsNode1": 2558.5632324219,
        "0_ml_sub_f11": 2458.8037109375,
        "51_ClusterDist9:n1_f13:node1_chatsAsNode1.2": 2234.0334472656,
        "18_n2_f11": 2153.1752929688,
        "16_n2_f1": 2100.7312011719,
        "38_node2_chatsAsNode2": 2038.9873046875,
        "17_n2_f10": 1871.4486083984,
        "4_n1_f10": 1749.1506347656,
        "44_NumToCatTE:n2_f9:reciprocal_chat.0": 1709.5930175781,
        "49_NumToCatTE:n2_f9:reciprocal_chat.0": 1667.9953613281,
        "42_reciprocal_within_test": 1567.0692138672,
        "5_n1_f11": 1533.2846679688,
        "45_InteractionMul:n1_f13:node1_chatsAsNode1": 1525.1696777344,
        "51_ClusterDist9:n1_f13:node1_chatsAsNode1.5": 1491.744140625,
        "51_ClusterDist9:n1_f13:node1_chatsAsNode1.3": 1450.4124755859,
        "51_ClusterDist9:n1_f13:node1_chatsAsNode1.4": 1445.4075927734,
        "25_n2_f6": 1421.4329833984,
        "51_ClusterDist9:n1_f13:node1_chatsAsNode1.8": 1307.4517822266,
        "3_n1_f1": 1267.7215576172,
        "51_ClusterDist9:n1_f13:node1_chatsAsNode1.1": 1176.7927246094,
        "8_n1_f2": 1164.6795654297,
        "23_n2_f4": 1159.3513183594,
        "21_n2_f2": 1111.0775146484,
        "11_n1_f5": 1049.0399169922,
        "51_ClusterDist9:n1_f13:node1_chatsAsNode1.0": 986.5854492188,
        "51_ClusterDist9:n1_f13:node1_chatsAsNode1.6": 970.1907958984,
        "27_n2_f8": 729.6295776367,
        "7_n1_f13": 711.5515136719,
        "28_n2_f9": 705.2741088867,
        "31_node1_chatsAsNode1": 292.7177124023
    },
    "Description": {
        "46_ClusterTE:ClusterID73:n2_f3:node2_ChatRtAsNode2:reciprocal_chat.0": "Out-of-fold mean of the response grouped by: ['ClusterID73:n2_f3:node2_ChatRtAsNode2:reciprocal_chat'] using 5 folds [internal:(10, 3, 20)] (Clustered into 73 clusters) [internal:(73, True, 10, 3, 20)]",
        "52_ClusterTE:ClusterID41:n2_f9:reciprocal_chat.0": "Out-of-fold mean of the response grouped by: ['ClusterID41:n2_f9:reciprocal_chat'] using 5 folds [internal:(20, 5, 10)] (Clustered into 41 clusters) [internal:(41, True, 20, 5, 10)]",
        "29_node1_ChatRtAsNode1": "node1_ChatRtAsNode1 (original)",
        "48_NumToCatWoE:n1_f13:node1_chatsAsNode1.0": "Weight of Evidence for columns ['n1_f13', 'node1_chatsAsNode1'] column #0 (numeric columns are bucketed into 250 equally populated bins)",
        "15_n1_f9": "n1_f9 (original)",
        "33_node1_contactsAsNode1": "node1_contactsAsNode1 (original)",
        "6_n1_f12": "n1_f12 (original)",
        "9_n1_f3": "n1_f3 (original)",
        "12_n1_f6": "n1_f6 (original)",
        "36_node2_ChatRtAsNode2": "node2_ChatRtAsNode2 (original)",
        "41_reciprocal_chat": "reciprocal_chat (original)",
        "2_ml_sub_f9": "ml_sub_f9 (original)",
        "40_node2_contactsAsNode2": "node2_contactsAsNode2 (original)",
        "1_ml_sub_f13": "ml_sub_f13 (original)",
        "43_sameNode": "sameNode (original)",
        "47_NumToCatWoE:n2_f3:node2_ChatRtAsNode1:node2_ChatRtAsNode2:reciprocal_chat.0": "Weight of Evidence for columns ['n2_f3', 'node2_ChatRtAsNode1', 'node2_ChatRtAsNode2', 'reciprocal_chat'] column #0 (numeric columns are bucketed into 250 equally populated bins)",
        "35_node2_ChatRtAsNode1": "node2_ChatRtAsNode1 (original)",
        "30_node1_ChatRtAsNode2": "node1_ChatRtAsNode2 (original)",
        "19_n2_f12": "n2_f12 (original)",
        "20_n2_f13": "n2_f13 (original)",
        "39_node2_contactsAsNode1": "node2_contactsAsNode1 (original)",
        "32_node1_chatsAsNode2": "node1_chatsAsNode2 (original)",
        "34_node1_contactsAsNode2": "node1_contactsAsNode2 (original)",
        "50_InteractionAdd:n2_f3:reciprocal_chat": "[n2_f3] + [reciprocal_chat]",
        "51_ClusterDist9:n1_f13:node1_chatsAsNode1.7": "Distances to cluster center after segmenting columns ['n1_f13', 'node1_chatsAsNode1'] into 9 clusters. Distance to cluster #7 [internal:False]",
        "22_n2_f3": "n2_f3 (original)",
        "37_node2_chatsAsNode1": "node2_chatsAsNode1 (original)",
        "0_ml_sub_f11": "ml_sub_f11 (original)",
        "51_ClusterDist9:n1_f13:node1_chatsAsNode1.2": "Distances to cluster center after segmenting columns ['n1_f13', 'node1_chatsAsNode1'] into 9 clusters. Distance to cluster #2 [internal:False]",
        "18_n2_f11": "n2_f11 (original)",
        "16_n2_f1": "n2_f1 (original)",
        "38_node2_chatsAsNode2": "node2_chatsAsNode2 (original)",
        "17_n2_f10": "n2_f10 (original)",
        "4_n1_f10": "n1_f10 (original)",
        "44_NumToCatTE:n2_f9:reciprocal_chat.0": "Out-of-fold mean of the response grouped by: ['n2_f9', 'reciprocal_chat'] using 5 folds [internal:(10, 3, 100)] (numeric columns are bucketed into 100 equally populated bins) [internal:(10, 3, 100)]",
        "49_NumToCatTE:n2_f9:reciprocal_chat.0": "Out-of-fold mean of the response grouped by: ['n2_f9', 'reciprocal_chat'] using 5 folds [internal:(20, 1, 10)] (numeric columns are bucketed into 250 equally populated bins) [internal:(20, 1, 10)]",
        "42_reciprocal_within_test": "reciprocal_within_test (original)",
        "5_n1_f11": "n1_f11 (original)",
        "45_InteractionMul:n1_f13:node1_chatsAsNode1": "[n1_f13] * [node1_chatsAsNode1]",
        "51_ClusterDist9:n1_f13:node1_chatsAsNode1.5": "Distances to cluster center after segmenting columns ['n1_f13', 'node1_chatsAsNode1'] into 9 clusters. Distance to cluster #5 [internal:False]",
        "51_ClusterDist9:n1_f13:node1_chatsAsNode1.3": "Distances to cluster center after segmenting columns ['n1_f13', 'node1_chatsAsNode1'] into 9 clusters. Distance to cluster #3 [internal:False]",
        "51_ClusterDist9:n1_f13:node1_chatsAsNode1.4": "Distances to cluster center after segmenting columns ['n1_f13', 'node1_chatsAsNode1'] into 9 clusters. Distance to cluster #4 [internal:False]",
        "25_n2_f6": "n2_f6 (original)",
        "51_ClusterDist9:n1_f13:node1_chatsAsNode1.8": "Distances to cluster center after segmenting columns ['n1_f13', 'node1_chatsAsNode1'] into 9 clusters. Distance to cluster #8 [internal:False]",
        "3_n1_f1": "n1_f1 (original)",
        "51_ClusterDist9:n1_f13:node1_chatsAsNode1.1": "Distances to cluster center after segmenting columns ['n1_f13', 'node1_chatsAsNode1'] into 9 clusters. Distance to cluster #1 [internal:False]",
        "8_n1_f2": "n1_f2 (original)",
        "23_n2_f4": "n2_f4 (original)",
        "21_n2_f2": "n2_f2 (original)",
        "11_n1_f5": "n1_f5 (original)",
        "51_ClusterDist9:n1_f13:node1_chatsAsNode1.0": "Distances to cluster center after segmenting columns ['n1_f13', 'node1_chatsAsNode1'] into 9 clusters. Distance to cluster #0 [internal:False]",
        "51_ClusterDist9:n1_f13:node1_chatsAsNode1.6": "Distances to cluster center after segmenting columns ['n1_f13', 'node1_chatsAsNode1'] into 9 clusters. Distance to cluster #6 [internal:False]",
        "27_n2_f8": "n2_f8 (original)",
        "7_n1_f13": "n1_f13 (original)",
        "28_n2_f9": "n2_f9 (original)",
        "31_node1_chatsAsNode1": "node1_chatsAsNode1 (original)"
    }
}