{
    "Optimized": {
        "GINI": "",
        "MCC": "",
        "F05": "",
        "F1": "",
        "F2": "",
        "ACCURACY": "",
        "LOGLOSS": "",
        "AUCPR": "",
        "AUC": "*"
    },
    "Better score is": {
        "GINI": "higher",
        "MCC": "higher",
        "F05": "higher",
        "F1": "higher",
        "F2": "higher",
        "ACCURACY": "higher",
        "LOGLOSS": "lower",
        "AUCPR": "higher",
        "AUC": "higher"
    },
    "Final ensemble scores on validation (internal or external holdout(s)) data": {
        "GINI": "0.85359",
        "MCC": "0.54143",
        "F05": "0.64743",
        "F1": "0.54355",
        "F2": "0.56399",
        "ACCURACY": "0.97692",
        "LOGLOSS": "0.12175",
        "AUCPR": "0.56926",
        "AUC": "0.92679"
    },
    "Final ensemble standard deviation on validation (internal or external holdout(s)) data": {
        "GINI": "0.0014507",
        "MCC": "0.0026584",
        "F05": "0.003119",
        "F1": "0.0025532",
        "F2": "0.001534",
        "ACCURACY": "0.00011717",
        "LOGLOSS": "0.00035956",
        "AUCPR": "0.0023885",
        "AUC": "0.0007253"
    },
    "Final test scores": {
        "GINI": "0.85405",
        "MCC": "0.54474",
        "F05": "0.65186",
        "F1": "0.54626",
        "F2": "0.56371",
        "ACCURACY": "0.97726",
        "LOGLOSS": "0.12107",
        "AUCPR": "0.5714",
        "AUC": "0.92702"
    },
    "Final test standard deviation": {
        "GINI": "0.0011882",
        "MCC": "0.0034978",
        "F05": "0.0037713",
        "F1": "0.003069",
        "F2": "0.0019512",
        "ACCURACY": "0.00013272",
        "LOGLOSS": "0.00040622",
        "AUCPR": "0.0031539",
        "AUC": "0.00059413"
    }
}