{
    "0": {
        "0": {},
        "1": {
            "Features": [
                0,
                1,
                "0_OHE:ml_sub_f13.0"
            ],
            "Coefficients": [
                0,
                1,
                0.0
            ],
            "Means": [
                0,
                1,
                0.045941166666666665
            ],
            "Scales": [
                0,
                1,
                0.20935747229813792
            ],
            "Variances": [
                0,
                1,
                0.04383055120706558
            ]
        }
    }
}