{
    "Relative Importance": {
        "46_ClusterTE:ClusterID73:n2_f3:node2_ChatRtAsNode2:reciprocal_chat.0": 1.0,
        "52_ClusterTE:ClusterID41:n2_f9:reciprocal_chat.0": 0.2803028524,
        "29_node1_ChatRtAsNode1": 0.2616023719,
        "41_reciprocal_chat": 0.2272049338,
        "9_n1_f3": 0.0874106511,
        "33_node1_contactsAsNode1": 0.0696315095,
        "6_n1_f12": 0.0680736229,
        "15_n1_f9": 0.0520274639,
        "36_node2_ChatRtAsNode2": 0.0470197648,
        "47_NumToCatWoE:n2_f3:node2_ChatRtAsNode1:node2_ChatRtAsNode2:reciprocal_chat.0": 0.0407435596,
        "48_NumToCatWoE:n1_f13:node1_chatsAsNode1.0": 0.0405716412,
        "2_ml_sub_f9": 0.0341273546,
        "1_ml_sub_f13": 0.0313963555,
        "43_sameNode": 0.0284312479,
        "40_node2_contactsAsNode2": 0.0271127429,
        "12_n1_f6": 0.0260562412,
        "35_node2_ChatRtAsNode1": 0.0252952147,
        "19_n2_f12": 0.0239419322,
        "50_InteractionAdd:n2_f3:reciprocal_chat": 0.0225767065,
        "30_node1_ChatRtAsNode2": 0.0218461994,
        "20_n2_f13": 0.0181183983,
        "22_n2_f3": 0.0116027808,
        "39_node2_contactsAsNode1": 0.011332321,
        "51_ClusterDist9:n1_f13:node1_chatsAsNode1.5": 0.0100507345,
        "37_node2_chatsAsNode1": 0.0084454985,
        "51_ClusterDist9:n1_f13:node1_chatsAsNode1.3": 0.0084167793,
        "38_node2_chatsAsNode2": 0.0080595519,
        "32_node1_chatsAsNode2": 0.0079750484,
        "34_node1_contactsAsNode2": 0.0069539784,
        "0_ml_sub_f11": 0.0068859099,
        "17_n2_f10": 0.0063484525,
        "42_reciprocal_within_test": 0.0059137503,
        "45_InteractionMul:n1_f13:node1_chatsAsNode1": 0.0059116906,
        "16_n2_f1": 0.0058390195,
        "3_n1_f1": 0.0056982487,
        "51_ClusterDist9:n1_f13:node1_chatsAsNode1.2": 0.0054649622,
        "18_n2_f11": 0.0054630307,
        "4_n1_f10": 0.0054486538,
        "5_n1_f11": 0.0047383006,
        "49_NumToCatTE:n2_f9:reciprocal_chat.0": 0.0045704427,
        "44_NumToCatTE:n2_f9:reciprocal_chat.0": 0.0043343655,
        "21_n2_f2": 0.0043327739,
        "51_ClusterDist9:n1_f13:node1_chatsAsNode1.7": 0.0042259437,
        "51_ClusterDist9:n1_f13:node1_chatsAsNode1.0": 0.0038013379,
        "8_n1_f2": 0.0037772025,
        "23_n2_f4": 0.0036308845,
        "7_n1_f13": 0.0030533159,
        "25_n2_f6": 0.00295327,
        "51_ClusterDist9:n1_f13:node1_chatsAsNode1.4": 0.0029310561,
        "28_n2_f9": 0.0028385671,
        "51_ClusterDist9:n1_f13:node1_chatsAsNode1.1": 0.0026809594,
        "51_ClusterDist9:n1_f13:node1_chatsAsNode1.6": 0.0025095702,
        "11_n1_f5": 0.002430775,
        "27_n2_f8": 0.0020775942,
        "51_ClusterDist9:n1_f13:node1_chatsAsNode1.8": 0.0018777633,
        "31_node1_chatsAsNode1": 0.0017754601,
        "0_OHE:ml_sub_f13.0": 2.681e-07
    },
    "Description": {
        "46_ClusterTE:ClusterID73:n2_f3:node2_ChatRtAsNode2:reciprocal_chat.0": "N/A",
        "52_ClusterTE:ClusterID41:n2_f9:reciprocal_chat.0": "N/A",
        "29_node1_ChatRtAsNode1": "N/A",
        "41_reciprocal_chat": "N/A",
        "9_n1_f3": "N/A",
        "33_node1_contactsAsNode1": "N/A",
        "6_n1_f12": "N/A",
        "15_n1_f9": "N/A",
        "36_node2_ChatRtAsNode2": "N/A",
        "47_NumToCatWoE:n2_f3:node2_ChatRtAsNode1:node2_ChatRtAsNode2:reciprocal_chat.0": "N/A",
        "48_NumToCatWoE:n1_f13:node1_chatsAsNode1.0": "N/A",
        "2_ml_sub_f9": "N/A",
        "1_ml_sub_f13": "N/A",
        "43_sameNode": "N/A",
        "40_node2_contactsAsNode2": "N/A",
        "12_n1_f6": "N/A",
        "35_node2_ChatRtAsNode1": "N/A",
        "19_n2_f12": "N/A",
        "50_InteractionAdd:n2_f3:reciprocal_chat": "N/A",
        "30_node1_ChatRtAsNode2": "N/A",
        "20_n2_f13": "N/A",
        "22_n2_f3": "N/A",
        "39_node2_contactsAsNode1": "N/A",
        "51_ClusterDist9:n1_f13:node1_chatsAsNode1.5": "N/A",
        "37_node2_chatsAsNode1": "N/A",
        "51_ClusterDist9:n1_f13:node1_chatsAsNode1.3": "N/A",
        "38_node2_chatsAsNode2": "N/A",
        "32_node1_chatsAsNode2": "N/A",
        "34_node1_contactsAsNode2": "N/A",
        "0_ml_sub_f11": "N/A",
        "17_n2_f10": "N/A",
        "42_reciprocal_within_test": "N/A",
        "45_InteractionMul:n1_f13:node1_chatsAsNode1": "N/A",
        "16_n2_f1": "N/A",
        "3_n1_f1": "N/A",
        "51_ClusterDist9:n1_f13:node1_chatsAsNode1.2": "N/A",
        "18_n2_f11": "N/A",
        "4_n1_f10": "N/A",
        "5_n1_f11": "N/A",
        "49_NumToCatTE:n2_f9:reciprocal_chat.0": "N/A",
        "44_NumToCatTE:n2_f9:reciprocal_chat.0": "N/A",
        "21_n2_f2": "N/A",
        "51_ClusterDist9:n1_f13:node1_chatsAsNode1.7": "N/A",
        "51_ClusterDist9:n1_f13:node1_chatsAsNode1.0": "N/A",
        "8_n1_f2": "N/A",
        "23_n2_f4": "N/A",
        "7_n1_f13": "N/A",
        "25_n2_f6": "N/A",
        "51_ClusterDist9:n1_f13:node1_chatsAsNode1.4": "N/A",
        "28_n2_f9": "N/A",
        "51_ClusterDist9:n1_f13:node1_chatsAsNode1.1": "N/A",
        "51_ClusterDist9:n1_f13:node1_chatsAsNode1.6": "N/A",
        "11_n1_f5": "N/A",
        "27_n2_f8": "N/A",
        "51_ClusterDist9:n1_f13:node1_chatsAsNode1.8": "N/A",
        "31_node1_chatsAsNode1": "N/A",
        "0_OHE:ml_sub_f13.0": "N/A"
    }
}