{
    "Coefficient": {
        "46_ClusterTE:ClusterID73:n2_f3:node2_ChatRtAsNode2:reciprocal_chat.0": 3729769.25,
        "52_ClusterTE:ClusterID41:n2_f9:reciprocal_chat.0": 1045464.9375,
        "29_node1_ChatRtAsNode1": 975716.4375,
        "41_reciprocal_chat": 847422.0,
        "9_n1_f3": 326021.5625,
        "33_node1_contactsAsNode1": 259709.453125,
        "6_n1_f12": 253898.90625,
        "15_n1_f9": 194050.4375,
        "36_node2_ChatRtAsNode2": 175372.875,
        "47_NumToCatWoE:n2_f3:node2_ChatRtAsNode1:node2_ChatRtAsNode2:reciprocal_chat.0": 151964.078125,
        "48_NumToCatWoE:n1_f13:node1_chatsAsNode1.0": 151322.859375,
        "2_ml_sub_f9": 127287.15625,
        "1_ml_sub_f13": 117101.1640625,
        "43_sameNode": 106041.9921875,
        "40_node2_contactsAsNode2": 101124.2734375,
        "12_n1_f6": 97183.765625,
        "35_node2_ChatRtAsNode1": 94345.3125,
        "19_n2_f12": 89297.8828125,
        "50_InteractionAdd:n2_f3:reciprocal_chat": 84205.90625,
        "30_node1_ChatRtAsNode2": 81481.28125,
        "20_n2_f13": 67577.4453125,
        "22_n2_f3": 43275.6953125,
        "39_node2_contactsAsNode1": 42266.94140625,
        "51_ClusterDist9:n1_f13:node1_chatsAsNode1.5": 37486.921875,
        "37_node2_chatsAsNode1": 31499.759765625,
        "51_ClusterDist9:n1_f13:node1_chatsAsNode1.3": 31392.646484375,
        "38_node2_chatsAsNode2": 30060.26953125,
        "32_node1_chatsAsNode2": 29745.08984375,
        "34_node1_contactsAsNode2": 25936.734375,
        "0_ml_sub_f11": 25682.85546875,
        "17_n2_f10": 23678.263671875,
        "42_reciprocal_within_test": 22056.923828125,
        "45_InteractionMul:n1_f13:node1_chatsAsNode1": 22049.2421875,
        "16_n2_f1": 21778.1953125,
        "3_n1_f1": 21253.15234375,
        "51_ClusterDist9:n1_f13:node1_chatsAsNode1.2": 20383.048828125,
        "18_n2_f11": 20375.84375,
        "4_n1_f10": 20322.220703125,
        "5_n1_f11": 17672.767578125,
        "49_NumToCatTE:n2_f9:reciprocal_chat.0": 17046.697265625,
        "44_NumToCatTE:n2_f9:reciprocal_chat.0": 16166.18359375,
        "21_n2_f2": 16160.24609375,
        "51_ClusterDist9:n1_f13:node1_chatsAsNode1.7": 15761.794921875,
        "51_ClusterDist9:n1_f13:node1_chatsAsNode1.0": 14178.11328125,
        "8_n1_f2": 14088.09375,
        "23_n2_f4": 13542.361328125,
        "7_n1_f13": 11388.1640625,
        "25_n2_f6": 11015.015625,
        "51_ClusterDist9:n1_f13:node1_chatsAsNode1.4": 10932.1630859375,
        "28_n2_f9": 10587.2001953125,
        "51_ClusterDist9:n1_f13:node1_chatsAsNode1.1": 9999.3603515625,
        "51_ClusterDist9:n1_f13:node1_chatsAsNode1.6": 9360.1181640625,
        "11_n1_f5": 9066.2294921875,
        "27_n2_f8": 7748.9467773438,
        "51_ClusterDist9:n1_f13:node1_chatsAsNode1.8": 7003.6240234375,
        "31_node1_chatsAsNode1": 6622.056640625,
        "0_OHE:ml_sub_f13.0": 1.0
    },
    "Description": {
        "46_ClusterTE:ClusterID73:n2_f3:node2_ChatRtAsNode2:reciprocal_chat.0": "N/A",
        "52_ClusterTE:ClusterID41:n2_f9:reciprocal_chat.0": "N/A",
        "29_node1_ChatRtAsNode1": "N/A",
        "41_reciprocal_chat": "N/A",
        "9_n1_f3": "N/A",
        "33_node1_contactsAsNode1": "N/A",
        "6_n1_f12": "N/A",
        "15_n1_f9": "N/A",
        "36_node2_ChatRtAsNode2": "N/A",
        "47_NumToCatWoE:n2_f3:node2_ChatRtAsNode1:node2_ChatRtAsNode2:reciprocal_chat.0": "N/A",
        "48_NumToCatWoE:n1_f13:node1_chatsAsNode1.0": "N/A",
        "2_ml_sub_f9": "N/A",
        "1_ml_sub_f13": "N/A",
        "43_sameNode": "N/A",
        "40_node2_contactsAsNode2": "N/A",
        "12_n1_f6": "N/A",
        "35_node2_ChatRtAsNode1": "N/A",
        "19_n2_f12": "N/A",
        "50_InteractionAdd:n2_f3:reciprocal_chat": "N/A",
        "30_node1_ChatRtAsNode2": "N/A",
        "20_n2_f13": "N/A",
        "22_n2_f3": "N/A",
        "39_node2_contactsAsNode1": "N/A",
        "51_ClusterDist9:n1_f13:node1_chatsAsNode1.5": "N/A",
        "37_node2_chatsAsNode1": "N/A",
        "51_ClusterDist9:n1_f13:node1_chatsAsNode1.3": "N/A",
        "38_node2_chatsAsNode2": "N/A",
        "32_node1_chatsAsNode2": "N/A",
        "34_node1_contactsAsNode2": "N/A",
        "0_ml_sub_f11": "N/A",
        "17_n2_f10": "N/A",
        "42_reciprocal_within_test": "N/A",
        "45_InteractionMul:n1_f13:node1_chatsAsNode1": "N/A",
        "16_n2_f1": "N/A",
        "3_n1_f1": "N/A",
        "51_ClusterDist9:n1_f13:node1_chatsAsNode1.2": "N/A",
        "18_n2_f11": "N/A",
        "4_n1_f10": "N/A",
        "5_n1_f11": "N/A",
        "49_NumToCatTE:n2_f9:reciprocal_chat.0": "N/A",
        "44_NumToCatTE:n2_f9:reciprocal_chat.0": "N/A",
        "21_n2_f2": "N/A",
        "51_ClusterDist9:n1_f13:node1_chatsAsNode1.7": "N/A",
        "51_ClusterDist9:n1_f13:node1_chatsAsNode1.0": "N/A",
        "8_n1_f2": "N/A",
        "23_n2_f4": "N/A",
        "7_n1_f13": "N/A",
        "25_n2_f6": "N/A",
        "51_ClusterDist9:n1_f13:node1_chatsAsNode1.4": "N/A",
        "28_n2_f9": "N/A",
        "51_ClusterDist9:n1_f13:node1_chatsAsNode1.1": "N/A",
        "51_ClusterDist9:n1_f13:node1_chatsAsNode1.6": "N/A",
        "11_n1_f5": "N/A",
        "27_n2_f8": "N/A",
        "51_ClusterDist9:n1_f13:node1_chatsAsNode1.8": "N/A",
        "31_node1_chatsAsNode1": "N/A",
        "0_OHE:ml_sub_f13.0": "N/A"
    }
}