{
    "Relative Importance": {
        "reciprocal_chat": 1.0,
        "node2_ChatRtAsNode2": 0.6885742214,
        "n2_f3": 0.6804460892,
        "n2_f9": 0.1848706418,
        "node1_ChatRtAsNode1": 0.1655991203,
        "n1_f13": 0.0579184979,
        "node1_chatsAsNode1": 0.0571095917,
        "n1_f3": 0.0553325523,
        "node1_contactsAsNode1": 0.0440780281,
        "n1_f12": 0.0430918572,
        "node2_ChatRtAsNode1": 0.0418037606,
        "n1_f9": 0.032934343,
        "ml_sub_f9": 0.0216032441,
        "ml_sub_f13": 0.0198746411,
        "sameNode": 0.0179975036,
        "node2_contactsAsNode2": 0.0171628657,
        "n1_f6": 0.0164940807,
        "n2_f12": 0.0151556841,
        "node1_ChatRtAsNode2": 0.0138290466,
        "n2_f13": 0.0114692798,
        "node2_contactsAsNode1": 0.0071735679,
        "node2_chatsAsNode1": 0.0053461561,
        "node2_chatsAsNode2": 0.0051018448,
        "node1_chatsAsNode2": 0.0050483525,
        "node1_contactsAsNode2": 0.0044019965,
        "ml_sub_f11": 0.0043589078,
        "n2_f10": 0.0040186874,
        "reciprocal_within_test": 0.0037435129,
        "n2_f1": 0.0036962069,
        "n1_f1": 0.0036070964,
        "n2_f11": 0.003458199,
        "n1_f10": 0.0034490982,
        "n1_f11": 0.0029994315,
        "n2_f2": 0.0027427257,
        "n1_f2": 0.0023910387,
        "n2_f4": 0.0022984167,
        "n2_f6": 0.0018694743,
        "n1_f5": 0.0015387253,
        "n2_f8": 0.0013151554,
        "n2_f7": 0.0,
        "n2_f5": 0.0,
        "n1_f8": 0.0,
        "n1_f7": 0.0,
        "n1_f4": 0.0
    }
}