{"ml_sub_f11": "float32", "ml_sub_f13": "float32", "ml_sub_f9": "float32", "n1_f1": "float32", "n1_f10": "float32", "n1_f11": "float32", "n1_f12": "float32", "n1_f13": "float32", "n1_f2": "float32", "n1_f3": "float32", "n1_f4": "float32", "n1_f5": "float32", "n1_f6": "float32", "n1_f7": "float32", "n1_f8": "float32", "n1_f9": "float32", "n2_f1": "float32", "n2_f10": "float32", "n2_f11": "float32", "n2_f12": "float32", "n2_f13": "float32", "n2_f2": "float32", "n2_f3": "float32", "n2_f4": "float32", "n2_f5": "float32", "n2_f6": "float32", "n2_f7": "float32", "n2_f8": "float32", "n2_f9": "float32", "node1_ChatRtAsNode1": "float32", "node1_ChatRtAsNode2": "float32", "node1_chatsAsNode1": "float32", "node1_chatsAsNode2": "float32", "node1_contactsAsNode1": "float32", "node1_contactsAsNode2": "float32", "node2_ChatRtAsNode1": "float32", "node2_ChatRtAsNode2": "float32", "node2_chatsAsNode1": "float32", "node2_chatsAsNode2": "float32", "node2_contactsAsNode1": "float32", "node2_contactsAsNode2": "float32", "reciprocal_chat": "float32", "reciprocal_within_test": "float32", "sameNode": "float32", "target": "int"}