{
    "Relative Importance": {
        "reciprocal_chat": 1.0,
        "node2_ChatRtAsNode2": 0.8644612286,
        "n2_f3": 0.8529408661,
        "n2_f9": 0.1304963786,
        "node1_ChatRtAsNode1": 0.1108127036,
        "n1_f13": 0.0938411003,
        "node1_chatsAsNode1": 0.0928837344,
        "n1_f9": 0.0457713639,
        "node1_contactsAsNode1": 0.0457677185,
        "n1_f12": 0.0377472974,
        "n1_f3": 0.0341692728,
        "node2_ChatRtAsNode1": 0.0341152849,
        "n1_f6": 0.0262297944,
        "ml_sub_f9": 0.0209022525,
        "node2_contactsAsNode2": 0.0208322383,
        "ml_sub_f13": 0.0178198411,
        "sameNode": 0.0174049028,
        "node1_ChatRtAsNode2": 0.016838579,
        "n2_f12": 0.0130690052,
        "n2_f13": 0.0121413812,
        "node2_contactsAsNode1": 0.0093815693,
        "node1_chatsAsNode2": 0.0086410174,
        "node1_contactsAsNode2": 0.0080234222,
        "node2_chatsAsNode1": 0.0058483375,
        "ml_sub_f11": 0.0056203082,
        "n2_f11": 0.004921706,
        "n2_f1": 0.0048018296,
        "node2_chatsAsNode2": 0.0046606963,
        "n2_f10": 0.0042777379,
        "n1_f10": 0.0039981904,
        "reciprocal_within_test": 0.0035819906,
        "n1_f11": 0.0035047664,
        "n2_f6": 0.0032490969,
        "n1_f1": 0.0028977449,
        "n1_f2": 0.0026622125,
        "n2_f4": 0.0026500334,
        "n2_f2": 0.0025396896,
        "n1_f5": 0.0023978846,
        "n2_f8": 0.0016677797,
        "n2_f7": 0.0,
        "n2_f5": 0.0,
        "n1_f8": 0.0,
        "n1_f7": 0.0,
        "n1_f4": 0.0
    }
}