{
    "Relative Importance": {
        "46_ClusterTE:ClusterID73:n2_f3:node2_ChatRtAsNode2:reciprocal_chat.0": 1.0,
        "52_ClusterTE:ClusterID41:n2_f9:reciprocal_chat.0": 0.1474682987,
        "29_node1_ChatRtAsNode1": 0.1348699778,
        "48_NumToCatWoE:n1_f13:node1_chatsAsNode1.0": 0.0686881915,
        "15_n1_f9": 0.0557082593,
        "33_node1_contactsAsNode1": 0.0557038225,
        "6_n1_f12": 0.0459421799,
        "9_n1_f3": 0.0415873714,
        "12_n1_f6": 0.031924244,
        "36_node2_ChatRtAsNode2": 0.0311972015,
        "41_reciprocal_chat": 0.0302539505,
        "2_ml_sub_f9": 0.0254401006,
        "40_node2_contactsAsNode2": 0.0253548864,
        "1_ml_sub_f13": 0.0216885023,
        "43_sameNode": 0.0211834814,
        "47_NumToCatWoE:n2_f3:node2_ChatRtAsNode1:node2_ChatRtAsNode2:reciprocal_chat.0": 0.0209372826,
        "35_node2_ChatRtAsNode1": 0.0205843803,
        "30_node1_ChatRtAsNode2": 0.0204942096,
        "19_n2_f12": 0.0159062669,
        "20_n2_f13": 0.0147772571,
        "39_node2_contactsAsNode1": 0.0114182942,
        "32_node1_chatsAsNode2": 0.0105169695,
        "34_node1_contactsAsNode2": 0.0097652953,
        "50_InteractionAdd:n2_f3:reciprocal_chat": 0.0090424344,
        "51_ClusterDist9:n1_f13:node1_chatsAsNode1.7": 0.0085264947,
        "22_n2_f3": 0.0081333509,
        "37_node2_chatsAsNode1": 0.007118003,
        "0_ml_sub_f11": 0.0068404688,
        "51_ClusterDist9:n1_f13:node1_chatsAsNode1.2": 0.0062151509,
        "18_n2_f11": 0.0059902011,
        "16_n2_f1": 0.0058442997,
        "38_node2_chatsAsNode2": 0.0056725265,
        "17_n2_f10": 0.0052064285,
        "4_n1_f10": 0.0048661917,
        "44_NumToCatTE:n2_f9:reciprocal_chat.0": 0.004756141,
        "49_NumToCatTE:n2_f9:reciprocal_chat.0": 0.0046404153,
        "42_reciprocal_within_test": 0.0043596355,
        "5_n1_f11": 0.004265646,
        "45_InteractionMul:n1_f13:node1_chatsAsNode1": 0.0042430698,
        "51_ClusterDist9:n1_f13:node1_chatsAsNode1.5": 0.0041500786,
        "51_ClusterDist9:n1_f13:node1_chatsAsNode1.3": 0.0040350929,
        "51_ClusterDist9:n1_f13:node1_chatsAsNode1.4": 0.0040211692,
        "25_n2_f6": 0.0039544711,
        "51_ClusterDist9:n1_f13:node1_chatsAsNode1.8": 0.0036373718,
        "3_n1_f1": 0.0035268411,
        "51_ClusterDist9:n1_f13:node1_chatsAsNode1.1": 0.0032738741,
        "8_n1_f2": 0.0032401748,
        "23_n2_f4": 0.0032253517,
        "21_n2_f2": 0.0030910524,
        "11_n1_f5": 0.0029184618,
        "51_ClusterDist9:n1_f13:node1_chatsAsNode1.0": 0.0027447115,
        "51_ClusterDist9:n1_f13:node1_chatsAsNode1.6": 0.0026991011,
        "27_n2_f8": 0.0020298522,
        "7_n1_f13": 0.0019795585,
        "28_n2_f9": 0.0019620946,
        "31_node1_chatsAsNode1": 0.0008143498
    },
    "Description": {
        "46_ClusterTE:ClusterID73:n2_f3:node2_ChatRtAsNode2:reciprocal_chat.0": "Out-of-fold mean of the response grouped by: ['ClusterID73:n2_f3:node2_ChatRtAsNode2:reciprocal_chat'] using 5 folds [internal:(10, 3, 20)] (Clustered into 73 clusters) [internal:(73, True, 10, 3, 20)]",
        "52_ClusterTE:ClusterID41:n2_f9:reciprocal_chat.0": "Out-of-fold mean of the response grouped by: ['ClusterID41:n2_f9:reciprocal_chat'] using 5 folds [internal:(20, 5, 10)] (Clustered into 41 clusters) [internal:(41, True, 20, 5, 10)]",
        "29_node1_ChatRtAsNode1": "node1_ChatRtAsNode1 (original)",
        "48_NumToCatWoE:n1_f13:node1_chatsAsNode1.0": "Weight of Evidence for columns ['n1_f13', 'node1_chatsAsNode1'] column #0 (numeric columns are bucketed into 250 equally populated bins)",
        "15_n1_f9": "n1_f9 (original)",
        "33_node1_contactsAsNode1": "node1_contactsAsNode1 (original)",
        "6_n1_f12": "n1_f12 (original)",
        "9_n1_f3": "n1_f3 (original)",
        "12_n1_f6": "n1_f6 (original)",
        "36_node2_ChatRtAsNode2": "node2_ChatRtAsNode2 (original)",
        "41_reciprocal_chat": "reciprocal_chat (original)",
        "2_ml_sub_f9": "ml_sub_f9 (original)",
        "40_node2_contactsAsNode2": "node2_contactsAsNode2 (original)",
        "1_ml_sub_f13": "ml_sub_f13 (original)",
        "43_sameNode": "sameNode (original)",
        "47_NumToCatWoE:n2_f3:node2_ChatRtAsNode1:node2_ChatRtAsNode2:reciprocal_chat.0": "Weight of Evidence for columns ['n2_f3', 'node2_ChatRtAsNode1', 'node2_ChatRtAsNode2', 'reciprocal_chat'] column #0 (numeric columns are bucketed into 250 equally populated bins)",
        "35_node2_ChatRtAsNode1": "node2_ChatRtAsNode1 (original)",
        "30_node1_ChatRtAsNode2": "node1_ChatRtAsNode2 (original)",
        "19_n2_f12": "n2_f12 (original)",
        "20_n2_f13": "n2_f13 (original)",
        "39_node2_contactsAsNode1": "node2_contactsAsNode1 (original)",
        "32_node1_chatsAsNode2": "node1_chatsAsNode2 (original)",
        "34_node1_contactsAsNode2": "node1_contactsAsNode2 (original)",
        "50_InteractionAdd:n2_f3:reciprocal_chat": "[n2_f3] + [reciprocal_chat]",
        "51_ClusterDist9:n1_f13:node1_chatsAsNode1.7": "Distances to cluster center after segmenting columns ['n1_f13', 'node1_chatsAsNode1'] into 9 clusters. Distance to cluster #7 [internal:False]",
        "22_n2_f3": "n2_f3 (original)",
        "37_node2_chatsAsNode1": "node2_chatsAsNode1 (original)",
        "0_ml_sub_f11": "ml_sub_f11 (original)",
        "51_ClusterDist9:n1_f13:node1_chatsAsNode1.2": "Distances to cluster center after segmenting columns ['n1_f13', 'node1_chatsAsNode1'] into 9 clusters. Distance to cluster #2 [internal:False]",
        "18_n2_f11": "n2_f11 (original)",
        "16_n2_f1": "n2_f1 (original)",
        "38_node2_chatsAsNode2": "node2_chatsAsNode2 (original)",
        "17_n2_f10": "n2_f10 (original)",
        "4_n1_f10": "n1_f10 (original)",
        "44_NumToCatTE:n2_f9:reciprocal_chat.0": "Out-of-fold mean of the response grouped by: ['n2_f9', 'reciprocal_chat'] using 5 folds [internal:(10, 3, 100)] (numeric columns are bucketed into 100 equally populated bins) [internal:(10, 3, 100)]",
        "49_NumToCatTE:n2_f9:reciprocal_chat.0": "Out-of-fold mean of the response grouped by: ['n2_f9', 'reciprocal_chat'] using 5 folds [internal:(20, 1, 10)] (numeric columns are bucketed into 250 equally populated bins) [internal:(20, 1, 10)]",
        "42_reciprocal_within_test": "reciprocal_within_test (original)",
        "5_n1_f11": "n1_f11 (original)",
        "45_InteractionMul:n1_f13:node1_chatsAsNode1": "[n1_f13] * [node1_chatsAsNode1]",
        "51_ClusterDist9:n1_f13:node1_chatsAsNode1.5": "Distances to cluster center after segmenting columns ['n1_f13', 'node1_chatsAsNode1'] into 9 clusters. Distance to cluster #5 [internal:False]",
        "51_ClusterDist9:n1_f13:node1_chatsAsNode1.3": "Distances to cluster center after segmenting columns ['n1_f13', 'node1_chatsAsNode1'] into 9 clusters. Distance to cluster #3 [internal:False]",
        "51_ClusterDist9:n1_f13:node1_chatsAsNode1.4": "Distances to cluster center after segmenting columns ['n1_f13', 'node1_chatsAsNode1'] into 9 clusters. Distance to cluster #4 [internal:False]",
        "25_n2_f6": "n2_f6 (original)",
        "51_ClusterDist9:n1_f13:node1_chatsAsNode1.8": "Distances to cluster center after segmenting columns ['n1_f13', 'node1_chatsAsNode1'] into 9 clusters. Distance to cluster #8 [internal:False]",
        "3_n1_f1": "n1_f1 (original)",
        "51_ClusterDist9:n1_f13:node1_chatsAsNode1.1": "Distances to cluster center after segmenting columns ['n1_f13', 'node1_chatsAsNode1'] into 9 clusters. Distance to cluster #1 [internal:False]",
        "8_n1_f2": "n1_f2 (original)",
        "23_n2_f4": "n2_f4 (original)",
        "21_n2_f2": "n2_f2 (original)",
        "11_n1_f5": "n1_f5 (original)",
        "51_ClusterDist9:n1_f13:node1_chatsAsNode1.0": "Distances to cluster center after segmenting columns ['n1_f13', 'node1_chatsAsNode1'] into 9 clusters. Distance to cluster #0 [internal:False]",
        "51_ClusterDist9:n1_f13:node1_chatsAsNode1.6": "Distances to cluster center after segmenting columns ['n1_f13', 'node1_chatsAsNode1'] into 9 clusters. Distance to cluster #6 [internal:False]",
        "27_n2_f8": "n2_f8 (original)",
        "7_n1_f13": "n1_f13 (original)",
        "28_n2_f9": "n2_f9 (original)",
        "31_node1_chatsAsNode1": "node1_chatsAsNode1 (original)"
    }
}