{"self": {"_identity": [14185], "_config": {"authkey": {}, "semprefix": "/mp"}, "_parent_pid": 113, "_popen": null, "_target": {}, "_args": [{"_maxsize": 2, "_reader": {"_handle": 16, "_readable": true, "_writable": false}, "_writer": {"_handle": 17, "_readable": false, "_writable": true}, "_rlock": {"_semlock": "\"COULDNOTENCODE:<_multiprocessing.SemLock object at 0x7f9b7e94f7d8>\"", "acquire": "\"COULDNOTENCODE:<built-in method acquire of _multiprocessing.SemLock object at 0x7f9b7e94f7d8>\"", "release": "\"COULDNOTENCODE:<built-in method release of _multiprocessing.SemLock object at 0x7f9b7e94f7d8>\""}, "_opid": 113, "_wlock": {"_semlock": "\"COULDNOTENCODE:<_multiprocessing.SemLock object at 0x7f9bd9b5dae8>\"", "acquire": "\"COULDNOTENCODE:<built-in method acquire of _multiprocessing.SemLock object at 0x7f9bd9b5dae8>\"", "release": "\"COULDNOTENCODE:<built-in method release of _multiprocessing.SemLock object at 0x7f9bd9b5dae8>\""}, "_sem": {"_semlock": "\"COULDNOTENCODE:<_multiprocessing.SemLock object at 0x7f9bd9b5d148>\"", "acquire": "\"COULDNOTENCODE:<built-in method acquire of _multiprocessing.SemLock object at 0x7f9bd9b5d148>\"", "release": "\"COULDNOTENCODE:<built-in method release of _multiprocessing.SemLock object at 0x7f9bd9b5d148>\""}, "_ignore_epipe": true, "_notempty": {"_lock": "\"COULDNOTENCODE:<unlocked _thread.lock object at 0x7f9b736e2c88>\"", "acquire": "\"COULDNOTENCODE:<built-in method acquire of _thread.lock object at 0x7f9b736e2c88>\"", "release": "\"COULDNOTENCODE:<built-in method release of _thread.lock object at 0x7f9b736e2c88>\"", "_waiters": "\"COULDNOTENCODE:deque([])\""}, "_buffer": "\"COULDNOTENCODE:deque([])\"", "_thread": null, "_jointhread": null, "_joincancelled": false, "_closed": false, "_close": null, "_send_bytes": {}, "_recv_bytes": {}, "_poll": {}}, {"_reader": {"_handle": 19, "_readable": true, "_writable": false}, "_writer": {"_handle": 20, "_readable": false, "_writable": true}, "_rlock": {"_semlock": "\"COULDNOTENCODE:<_multiprocessing.SemLock object at 0x7f9b88b750d8>\"", "acquire": "\"COULDNOTENCODE:<built-in method acquire of _multiprocessing.SemLock object at 0x7f9b88b750d8>\"", "release": "\"COULDNOTENCODE:<built-in method release of _multiprocessing.SemLock object at 0x7f9b88b750d8>\""}, "_poll": {}, "_wlock": {"_semlock": "\"COULDNOTENCODE:<_multiprocessing.SemLock object at 0x7f9b88b752d0>\"", "acquire": "\"COULDNOTENCODE:<built-in method acquire of _multiprocessing.SemLock object at 0x7f9b88b752d0>\"", "release": "\"COULDNOTENCODE:<built-in method release of _multiprocessing.SemLock object at 0x7f9b88b752d0>\""}}], "_kwargs": {}, "_name": "Process-14185"}, "valid_threshold": 0.05388879030942917, "validation": "external", "AUC": {"valid_score": 0.9267943601829361, "valid_sd": 0.0007252963727213668, "maximize": true}}