{"Data preparation": {"length": 38.17620491981506, "models": 0, "expected_models": 0}, "Model and feature tuning": {"length": 2214.762412548065, "models": 27, "expected_models": 32}, "Feature evolution": {"length": 305.0281069278717, "models": 12, "expected_models": 24}, "Final pipeline training": {"length": 668.5861110687256, "models": 2, "expected_models": 2}, "Python scorer building": {"length": 14.268734455108643, "models": 0, "expected_models": 0}, "Mojo scorer building": {"length": 3.814697265625e-06, "models": 0, "expected_models": 0}}