{
    "job order": {
        "0": 1,
        "1": 0,
        "2": 6,
        "3": 8,
        "4": 4,
        "5": 3,
        "6": 5,
        "7": 7,
        "8": 2,
        "9": 21,
        "10": 11,
        "11": 16,
        "12": 23,
        "13": 22,
        "14": 12,
        "15": 19,
        "16": 20,
        "17": 10,
        "18": 24,
        "19": 18,
        "20": 14,
        "21": 17,
        "22": 25,
        "23": 15,
        "24": 13,
        "25": 9
    },
    "job status": {
        "0": "PASSED",
        "1": "PASSED",
        "2": "PASSED",
        "3": "PASSED",
        "4": "PASSED",
        "5": "PASSED",
        "6": "PASSED",
        "7": "PASSED",
        "8": "PASSED",
        "9": "PASSED",
        "10": "PASSED",
        "11": "PASSED",
        "12": "PASSED",
        "13": "PASSED",
        "14": "PASSED",
        "15": "PASSED",
        "16": "PASSED",
        "17": "PASSED",
        "18": "PASSED",
        "19": "PASSED",
        "20": "PASSED",
        "21": "PASSED",
        "22": "PASSED",
        "23": "PASSED",
        "24": "PASSED",
        "25": "PASSED"
    },
    "n_gpus": {
        "0": 1,
        "1": 1,
        "2": 1,
        "3": 1,
        "4": 1,
        "5": 1,
        "6": 1,
        "7": 1,
        "8": 1,
        "9": 1,
        "10": 1,
        "11": 1,
        "12": 1,
        "13": 1,
        "14": 1,
        "15": 1,
        "16": 1,
        "17": 1,
        "18": 1,
        "19": 1,
        "20": 1,
        "21": 1,
        "22": 1,
        "23": 1,
        "24": 1,
        "25": 1
    },
    "gpu_id": {
        "0": 0,
        "1": 0,
        "2": 0,
        "3": 0,
        "4": 0,
        "5": 0,
        "6": 0,
        "7": 0,
        "8": 0,
        "9": 0,
        "10": 0,
        "11": 0,
        "12": 0,
        "13": 0,
        "14": 0,
        "15": 0,
        "16": 0,
        "17": 0,
        "18": 0,
        "19": 0,
        "20": 0,
        "21": 0,
        "22": 0,
        "23": 0,
        "24": 0,
        "25": 0
    },
    "n_estimators": {
        "0": 600,
        "1": 600,
        "2": 600,
        "3": 600,
        "4": 600,
        "5": 600,
        "6": 600,
        "7": 600,
        "8": 600,
        "9": 600,
        "10": 600,
        "11": 600,
        "12": 600,
        "13": 600,
        "14": 600,
        "15": 600,
        "16": 600,
        "17": 600,
        "18": 600,
        "19": 600,
        "20": 600,
        "21": 600,
        "22": 600,
        "23": 600,
        "24": 600,
        "25": 600
    },
    "booster": {
        "0": "lightgbm",
        "1": "lightgbm",
        "2": "lightgbm",
        "3": "lightgbm",
        "4": "lightgbm",
        "5": "lightgbm",
        "6": "lightgbm",
        "7": "lightgbm",
        "8": "lightgbm",
        "9": "lightgbm",
        "10": "lightgbm",
        "11": "lightgbm",
        "12": "lightgbm",
        "13": "lightgbm",
        "14": "lightgbm",
        "15": "lightgbm",
        "16": "lightgbm",
        "17": "lightgbm",
        "18": "lightgbm",
        "19": "lightgbm",
        "20": "lightgbm",
        "21": "lightgbm",
        "22": "lightgbm",
        "23": "lightgbm",
        "24": "lightgbm",
        "25": "gblinear"
    },
    "learning_rate": {
        "0": 0.1,
        "1": 0.1,
        "2": 0.1,
        "3": 0.1,
        "4": 0.1,
        "5": 0.1,
        "6": 0.1,
        "7": 0.1,
        "8": 0.1,
        "9": 0.1,
        "10": 0.15,
        "11": 0.15,
        "12": 0.15,
        "13": 0.15,
        "14": 0.05,
        "15": 0.1,
        "16": 0.15,
        "17": 0.25,
        "18": 0.15,
        "19": 0.25,
        "20": 0.2,
        "21": 0.5,
        "22": 0.5,
        "23": 0.1,
        "24": 0.25,
        "25": 0.1
    },
    "reg_alpha": {
        "0": 1.0,
        "1": 1.0,
        "2": 1.0,
        "3": 1.0,
        "4": 1.0,
        "5": 1.0,
        "6": 1.0,
        "7": 1.0,
        "8": 1.0,
        "9": 5.0,
        "10": 0.0,
        "11": 0.0,
        "12": 0.0,
        "13": 0.0,
        "14": 0.0,
        "15": 1.0,
        "16": 0.0,
        "17": 0.0,
        "18": 0.0,
        "19": 0.0,
        "20": 0.0,
        "21": 0.0,
        "22": 5.0,
        "23": 0.0,
        "24": 0.0,
        "25": 1.0
    },
    "reg_lambda": {
        "0": 0.0,
        "1": 0.0,
        "2": 0.0,
        "3": 0.0,
        "4": 0.0,
        "5": 0.0,
        "6": 0.0,
        "7": 0.0,
        "8": 0.0,
        "9": 0.0,
        "10": 5.0,
        "11": 2.0,
        "12": 5.0,
        "13": 2.0,
        "14": 2.0,
        "15": 0.0,
        "16": 0.5,
        "17": 0.5,
        "18": 0.1,
        "19": 1.0,
        "20": 1.0,
        "21": 1.0,
        "22": 0.0,
        "23": 2.0,
        "24": 1.0,
        "25": 0.0
    },
    "gamma": {
        "0": 0.0,
        "1": 0.0,
        "2": 0.0,
        "3": 0.0,
        "4": 0.0,
        "5": 0.0,
        "6": 0.0,
        "7": 0.0,
        "8": 0.0,
        "9": 0.1,
        "10": 0.0,
        "11": 0.0,
        "12": 0.01,
        "13": 0.01,
        "14": 0.0,
        "15": 0.0,
        "16": 0.001,
        "17": 0.001,
        "18": 0.01,
        "19": 0.1,
        "20": 0.01,
        "21": 0.0,
        "22": 0.1,
        "23": 0.0,
        "24": 10.0,
        "25": 0.0
    },
    "max_depth": {
        "0": 6.0,
        "1": 6.0,
        "2": 6.0,
        "3": 6.0,
        "4": 6.0,
        "5": 10.0,
        "6": 10.0,
        "7": 10.0,
        "8": 10.0,
        "9": 0.0,
        "10": 7.0,
        "11": 6.0,
        "12": 6.0,
        "13": 5.0,
        "14": 4.0,
        "15": 8.0,
        "16": 0.0,
        "17": 0.0,
        "18": 5.0,
        "19": 0.0,
        "20": 8.0,
        "21": 3.0,
        "22": 0.0,
        "23": 0.0,
        "24": 0.0,
        "25": 6.0
    },
    "max_bin": {
        "0": 256,
        "1": 256,
        "2": 256,
        "3": 256,
        "4": 256,
        "5": 256,
        "6": 256,
        "7": 256,
        "8": 256,
        "9": 256,
        "10": 256,
        "11": 256,
        "12": 256,
        "13": 256,
        "14": 256,
        "15": 256,
        "16": 256,
        "17": 256,
        "18": 256,
        "19": 256,
        "20": 256,
        "21": 256,
        "22": 256,
        "23": 256,
        "24": 32,
        "25": 256
    },
    "max_leaves": {
        "0": 0.0,
        "1": 0.0,
        "2": 0.0,
        "3": 0.0,
        "4": 0.0,
        "5": 0.0,
        "6": 0.0,
        "7": 0.0,
        "8": 0.0,
        "9": 128.0,
        "10": 0.0,
        "11": 0.0,
        "12": 0.0,
        "13": 0.0,
        "14": 0.0,
        "15": 0.0,
        "16": 16.0,
        "17": 16.0,
        "18": 0.0,
        "19": 256.0,
        "20": 0.0,
        "21": 0.0,
        "22": 128.0,
        "23": 32.0,
        "24": 1024.0,
        "25": 0.0
    },
    "scale_pos_weight": {
        "0": 1.0,
        "1": 1.0,
        "2": 1.0,
        "3": 1.0,
        "4": 1.0,
        "5": 1.0,
        "6": 1.0,
        "7": 1.0,
        "8": 1.0,
        "9": 1.0,
        "10": 1.0,
        "11": 1.0,
        "12": 1.0,
        "13": 1.0,
        "14": 1.0,
        "15": 1.0,
        "16": 1.0,
        "17": 1.0,
        "18": 1.0,
        "19": 1.0,
        "20": 1.0,
        "21": 1.0,
        "22": 1.0,
        "23": 1.0,
        "24": 1.0,
        "25": 1.0
    },
    "max_delta_step": {
        "0": 10.0,
        "1": 10.0,
        "2": 10.0,
        "3": 10.0,
        "4": 10.0,
        "5": 10.0,
        "6": 10.0,
        "7": 10.0,
        "8": 10.0,
        "9": 0.0,
        "10": 0.0,
        "11": 5.0,
        "12": 5.0,
        "13": 5.0,
        "14": 5.0,
        "15": 10.0,
        "16": 10.0,
        "17": 0.0,
        "18": 10.0,
        "19": 5.0,
        "20": 10.0,
        "21": 10.0,
        "22": 10.0,
        "23": 0.0,
        "24": 5.0,
        "25": 10.0
    },
    "min_child_weight": {
        "0": 1,
        "1": 1,
        "2": 1,
        "3": 1,
        "4": 1,
        "5": 1,
        "6": 1,
        "7": 1,
        "8": 1,
        "9": 1,
        "10": 1,
        "11": 1,
        "12": 1,
        "13": 1,
        "14": 1,
        "15": 1,
        "16": 1,
        "17": 1,
        "18": 1,
        "19": 1,
        "20": 1,
        "21": 1,
        "22": 1,
        "23": 1,
        "24": 1,
        "25": 1
    },
    "subsample": {
        "0": 0.9,
        "1": 0.9,
        "2": 0.9,
        "3": 0.9,
        "4": 0.9,
        "5": 0.9,
        "6": 0.9,
        "7": 0.9,
        "8": 0.9,
        "9": 1.0,
        "10": 0.7,
        "11": 0.9,
        "12": 0.9,
        "13": 0.9,
        "14": 0.4,
        "15": 0.9,
        "16": 0.7,
        "17": 1.0,
        "18": 0.4,
        "19": 1.0,
        "20": 0.5,
        "21": 0.5,
        "22": 0.9,
        "23": 0.4,
        "24": 0.9,
        "25": 0.9
    },
    "colsample_bytree": {
        "0": 0.8,
        "1": 0.8,
        "2": 0.8,
        "3": 0.8,
        "4": 0.8,
        "5": 0.8,
        "6": 0.8,
        "7": 0.8,
        "8": 0.8,
        "9": 0.45,
        "10": 0.5,
        "11": 0.35,
        "12": 0.6,
        "13": 0.5,
        "14": 0.9,
        "15": 0.8,
        "16": 0.8,
        "17": 0.6,
        "18": 0.55,
        "19": 0.4,
        "20": 0.9,
        "21": 0.9,
        "22": 0.2,
        "23": 0.35,
        "24": 0.4,
        "25": 0.8
    },
    "tree_method": {
        "0": "gpu_hist",
        "1": "gpu_hist",
        "2": "gpu_hist",
        "3": "gpu_hist",
        "4": "gpu_hist",
        "5": "gpu_hist",
        "6": "gpu_hist",
        "7": "gpu_hist",
        "8": "gpu_hist",
        "9": "gpu_hist",
        "10": "gpu_hist",
        "11": "gpu_hist",
        "12": "gpu_hist",
        "13": "gpu_hist",
        "14": "gpu_hist",
        "15": "gpu_hist",
        "16": "gpu_hist",
        "17": "gpu_hist",
        "18": "gpu_hist",
        "19": "gpu_hist",
        "20": "gpu_hist",
        "21": "gpu_hist",
        "22": "gpu_hist",
        "23": "gpu_hist",
        "24": "gpu_hist",
        "25": "gpu_hist"
    },
    "grow_policy": {
        "0": "depthwise",
        "1": "depthwise",
        "2": "depthwise",
        "3": "depthwise",
        "4": "depthwise",
        "5": "depthwise",
        "6": "depthwise",
        "7": "depthwise",
        "8": "depthwise",
        "9": "lossguide",
        "10": "depthwise",
        "11": "depthwise",
        "12": "depthwise",
        "13": "depthwise",
        "14": "depthwise",
        "15": "depthwise",
        "16": "lossguide",
        "17": "lossguide",
        "18": "depthwise",
        "19": "lossguide",
        "20": "depthwise",
        "21": "depthwise",
        "22": "lossguide",
        "23": "lossguide",
        "24": "lossguide",
        "25": "depthwise"
    },
    "min_data_in_bin": {
        "0": 10,
        "1": 10,
        "2": 10,
        "3": 10,
        "4": 10,
        "5": 10,
        "6": 10,
        "7": 10,
        "8": 10,
        "9": 1,
        "10": 5,
        "11": 5,
        "12": 1,
        "13": 5,
        "14": 5,
        "15": 10,
        "16": 1,
        "17": 5,
        "18": 3,
        "19": 10,
        "20": 1,
        "21": 5,
        "22": 3,
        "23": 5,
        "24": 5,
        "25": 10
    },
    "min_child_samples": {
        "0": 10,
        "1": 10,
        "2": 10,
        "3": 10,
        "4": 10,
        "5": 10,
        "6": 10,
        "7": 10,
        "8": 10,
        "9": 25,
        "10": 200,
        "11": 100,
        "12": 1,
        "13": 10,
        "14": 10,
        "15": 10,
        "16": 1,
        "17": 5,
        "18": 5,
        "19": 25,
        "20": 50,
        "21": 50,
        "22": 100,
        "23": 1,
        "24": 200,
        "25": 10
    },
    "boosting_type": {
        "0": "gbdt",
        "1": "gbdt",
        "2": "gbdt",
        "3": "gbdt",
        "4": "gbdt",
        "5": "gbdt",
        "6": "gbdt",
        "7": "gbdt",
        "8": "gbdt",
        "9": "rf",
        "10": "dart",
        "11": "gbdt",
        "12": "gbdt",
        "13": "dart",
        "14": "dart",
        "15": "gbdt",
        "16": "gbdt",
        "17": "dart",
        "18": "dart",
        "19": "gbdt",
        "20": "dart",
        "21": "dart",
        "22": "gbdt",
        "23": "gbdt",
        "24": "rf",
        "25": "gbdt"
    },
    "early_stopping_rounds": {
        "0": 5,
        "1": 5,
        "2": 5,
        "3": 5,
        "4": 5,
        "5": 5,
        "6": 5,
        "7": 5,
        "8": 5,
        "9": 5,
        "10": 5,
        "11": 5,
        "12": 5,
        "13": 5,
        "14": 5,
        "15": 5,
        "16": 5,
        "17": 5,
        "18": 5,
        "19": 5,
        "20": 5,
        "21": 5,
        "22": 5,
        "23": 5,
        "24": 5,
        "25": 5
    },
    "num_classes": {
        "0": 2,
        "1": 2,
        "2": 2,
        "3": 2,
        "4": 2,
        "5": 2,
        "6": 2,
        "7": 2,
        "8": 2,
        "9": 2,
        "10": 2,
        "11": 2,
        "12": 2,
        "13": 2,
        "14": 2,
        "15": 2,
        "16": 2,
        "17": 2,
        "18": 2,
        "19": 2,
        "20": 2,
        "21": 2,
        "22": 2,
        "23": 2,
        "24": 2,
        "25": 2
    },
    "score_f_name": {
        "0": "AUC",
        "1": "AUC",
        "2": "AUC",
        "3": "AUC",
        "4": "AUC",
        "5": "AUC",
        "6": "AUC",
        "7": "AUC",
        "8": "AUC",
        "9": "AUC",
        "10": "AUC",
        "11": "AUC",
        "12": "AUC",
        "13": "AUC",
        "14": "AUC",
        "15": "AUC",
        "16": "AUC",
        "17": "AUC",
        "18": "AUC",
        "19": "AUC",
        "20": "AUC",
        "21": "AUC",
        "22": "AUC",
        "23": "AUC",
        "24": "AUC",
        "25": "AUC"
    },
    "objective": {
        "0": "xentropy",
        "1": "binary",
        "2": "xentropy",
        "3": "xentropy",
        "4": "xentropy",
        "5": "xentropy",
        "6": "xentropy",
        "7": "xentropy",
        "8": "xentropy",
        "9": "xentropy",
        "10": "xentropy",
        "11": "binary",
        "12": "binary",
        "13": "binary",
        "14": "xentropy",
        "15": "xentropy",
        "16": "binary",
        "17": "binary",
        "18": "xentropy",
        "19": "xentropy",
        "20": "xentropy",
        "21": "binary",
        "22": "binary",
        "23": "binary",
        "24": "binary",
        "25": "xentropy"
    },
    "eval_metric": {
        "0": "logloss",
        "1": "logloss",
        "2": "logloss",
        "3": "logloss",
        "4": "logloss",
        "5": "logloss",
        "6": "logloss",
        "7": "logloss",
        "8": "logloss",
        "9": "logloss",
        "10": "logloss",
        "11": "logloss",
        "12": "logloss",
        "13": "logloss",
        "14": "logloss",
        "15": "logloss",
        "16": "logloss",
        "17": "logloss",
        "18": "logloss",
        "19": "logloss",
        "20": "logloss",
        "21": "logloss",
        "22": "logloss",
        "23": "logloss",
        "24": "logloss",
        "25": "logloss"
    },
    "random_state": {
        "0": 1234,
        "1": 1234,
        "2": 1234,
        "3": 1234,
        "4": 1234,
        "5": 1234,
        "6": 1234,
        "7": 1234,
        "8": 1234,
        "9": 1234,
        "10": 1234,
        "11": 1234,
        "12": 1234,
        "13": 1234,
        "14": 1234,
        "15": 1234,
        "16": 1234,
        "17": 1234,
        "18": 1234,
        "19": 1234,
        "20": 1234,
        "21": 1234,
        "22": 1234,
        "23": 1234,
        "24": 1234,
        "25": 1234
    },
    "early_stopping_threshold": {
        "0": 0.0001,
        "1": 0.0001,
        "2": 0.0001,
        "3": 0.0001,
        "4": 0.0001,
        "5": 0.0001,
        "6": 0.0001,
        "7": 0.0001,
        "8": 0.0001,
        "9": 0.0001,
        "10": 0.0001,
        "11": 0.0001,
        "12": 0.0001,
        "13": 0.0001,
        "14": 0.0001,
        "15": 0.0001,
        "16": 0.0001,
        "17": 0.0001,
        "18": 0.0001,
        "19": 0.0001,
        "20": 0.0001,
        "21": 0.0001,
        "22": 0.0001,
        "23": 0.0001,
        "24": 0.0001,
        "25": 0.0001
    },
    "monotonicity_constraints": {
        "0": false,
        "1": false,
        "2": false,
        "3": false,
        "4": false,
        "5": false,
        "6": false,
        "7": false,
        "8": false,
        "9": false,
        "10": false,
        "11": false,
        "12": false,
        "13": false,
        "14": false,
        "15": false,
        "16": false,
        "17": false,
        "18": false,
        "19": false,
        "20": false,
        "21": false,
        "22": false,
        "23": false,
        "24": false,
        "25": false
    },
    "silent": {
        "0": true,
        "1": true,
        "2": true,
        "3": true,
        "4": true,
        "5": true,
        "6": true,
        "7": true,
        "8": true,
        "9": true,
        "10": true,
        "11": true,
        "12": true,
        "13": true,
        "14": true,
        "15": true,
        "16": true,
        "17": true,
        "18": true,
        "19": true,
        "20": true,
        "21": true,
        "22": true,
        "23": true,
        "24": true,
        "25": true
    },
    "debug_verbose": {
        "0": 0,
        "1": 0,
        "2": 0,
        "3": 0,
        "4": 0,
        "5": 0,
        "6": 0,
        "7": 0,
        "8": 0,
        "9": 0,
        "10": 0,
        "11": 0,
        "12": 0,
        "13": 0,
        "14": 0,
        "15": 0,
        "16": 0,
        "17": 0,
        "18": 0,
        "19": 0,
        "20": 0,
        "21": 0,
        "22": 0,
        "23": 0,
        "24": 0,
        "25": 0
    },
    "model_origin": {
        "0": "BRAIN_1",
        "1": "BRAIN_2",
        "2": "DefaultIndiv: do_te:True,interp:11,depth:6,num_as_cat:False",
        "3": "DefaultIndiv: do_te:True,interp:1,depth:6,num_as_cat:False",
        "4": "DefaultIndiv: do_te:False,interp:1,depth:6,num_as_cat:False",
        "5": "DefaultIndiv: do_te:False,interp:1,depth:10,num_as_cat:False",
        "6": "DefaultIndiv: do_te:True,interp:11,depth:10,num_as_cat:False",
        "7": "DefaultIndiv: do_te:True,interp:1,depth:10,num_as_cat:False",
        "8": "DefaultIndiv: do_te:False,interp:11,depth:10,num_as_cat:False",
        "9": "RANDOM",
        "10": "RANDOM",
        "11": "RANDOM",
        "12": "RANDOM",
        "13": "RANDOM",
        "14": "RANDOM",
        "15": "SEQUENCE",
        "16": "RANDOM",
        "17": "RANDOM",
        "18": "RANDOM",
        "19": "RANDOM",
        "20": "RANDOM",
        "21": "RANDOM",
        "22": "RANDOM",
        "23": "RANDOM",
        "24": "RANDOM",
        "25": "GLM_OHE"
    },
    "rate_drop": {
        "0": 0.1,
        "1": 0.1,
        "2": 0.1,
        "3": 0.1,
        "4": 0.1,
        "5": 0.1,
        "6": 0.1,
        "7": 0.1,
        "8": 0.1,
        "9": 0.01,
        "10": 0.2,
        "11": 0.2,
        "12": 0.05,
        "13": 0.05,
        "14": 0.1,
        "15": 0.1,
        "16": 0.1,
        "17": 0.01,
        "18": 0.1,
        "19": 0.1,
        "20": 0.2,
        "21": 0.2,
        "22": 0.2,
        "23": 0.1,
        "24": 0.01,
        "25": 0.1
    },
    "skip_drop": {
        "0": 0.6,
        "1": 0.6,
        "2": 0.6,
        "3": 0.6,
        "4": 0.6,
        "5": 0.6,
        "6": 0.6,
        "7": 0.6,
        "8": 0.6,
        "9": 0.4,
        "10": 0.6,
        "11": 0.5,
        "12": 0.4,
        "13": 0.6,
        "14": 0.6,
        "15": 0.6,
        "16": 0.5,
        "17": 0.4,
        "18": 0.6,
        "19": 0.5,
        "20": 0.5,
        "21": 0.4,
        "22": 0.5,
        "23": 0.6,
        "24": 0.4,
        "25": 0.6
    },
    "max_drop": {
        "0": 100,
        "1": 100,
        "2": 100,
        "3": 100,
        "4": 100,
        "5": 100,
        "6": 100,
        "7": 100,
        "8": 100,
        "9": 50,
        "10": 100,
        "11": 200,
        "12": 100,
        "13": 200,
        "14": 100,
        "15": 100,
        "16": 100,
        "17": 100,
        "18": 200,
        "19": 50,
        "20": 200,
        "21": 50,
        "22": 50,
        "23": 100,
        "24": 100,
        "25": 100
    },
    "subsample_freq": {
        "0": 1,
        "1": 1,
        "2": 1,
        "3": 1,
        "4": 1,
        "5": 1,
        "6": 1,
        "7": 1,
        "8": 1,
        "9": 1,
        "10": 1,
        "11": 1,
        "12": 20,
        "13": 5,
        "14": 10,
        "15": 1,
        "16": 10,
        "17": 20,
        "18": 10,
        "19": 20,
        "20": 20,
        "21": 20,
        "22": 20,
        "23": 20,
        "24": 5,
        "25": 1
    },
    "is_unbalance": {
        "0": true,
        "1": false,
        "2": true,
        "3": true,
        "4": true,
        "5": true,
        "6": true,
        "7": true,
        "8": true,
        "9": false,
        "10": true,
        "11": false,
        "12": false,
        "13": false,
        "14": true,
        "15": true,
        "16": false,
        "17": false,
        "18": false,
        "19": true,
        "20": true,
        "21": false,
        "22": false,
        "23": true,
        "24": true,
        "25": true
    },
    "scores": {
        "0": 0.9233469232,
        "1": 0.922882966,
        "2": 0.922771506,
        "3": 0.9227549723,
        "4": 0.9226894667,
        "5": 0.9216378494,
        "6": 0.9215971239,
        "7": 0.9215923892,
        "8": 0.9214680275,
        "9": 0.9213373821,
        "10": 0.9211677863,
        "11": 0.9211218998,
        "12": 0.9209838517,
        "13": 0.9209755137,
        "14": 0.9209728755,
        "15": 0.920687984,
        "16": 0.9202462322,
        "17": 0.919638165,
        "18": 0.9187986017,
        "19": 0.9170689727,
        "20": 0.9167684659,
        "21": 0.9158393199,
        "22": 0.9105009996,
        "23": 0.8829373407,
        "24": 0.6006564085,
        "25": 0.5
    },
    "scores_sd": {
        "0": 0.0007570433,
        "1": 0.0006926862,
        "2": 0.000697092,
        "3": 0.0006895789,
        "4": 0.0006737946,
        "5": 0.000614007,
        "6": 0.0006401986,
        "7": 0.0005978022,
        "8": 0.0006442829,
        "9": 0.0006873157,
        "10": 0.000697962,
        "11": 0.000776926,
        "12": 0.0007018779,
        "13": 0.0007143639,
        "14": 0.000784596,
        "15": 0.0007098767,
        "16": 0.0007062104,
        "17": 0.0007436149,
        "18": 0.0006840721,
        "19": 0.000713264,
        "20": 0.0007112535,
        "21": 0.0007508727,
        "22": 0.0007929567,
        "23": 0.0011751209,
        "24": 0.0003306046,
        "25": 0.0
    },
    "training_times": {
        "0": 22.719250679,
        "1": 23.6245043278,
        "2": 23.1460106373,
        "3": 20.9598488808,
        "4": 21.792280674,
        "5": 17.8366742134,
        "6": 17.6054301262,
        "7": 17.9584314823,
        "8": 17.5149328709,
        "9": 74.9335029125,
        "10": 20.4901354313,
        "11": 37.3763105869,
        "12": 64.8390784264,
        "13": 93.659373045,
        "14": 48.6042904854,
        "15": 61.6477415562,
        "16": 68.6239976883,
        "17": 15.1501400471,
        "18": 67.0880861282,
        "19": 40.1977598667,
        "20": 18.7557759285,
        "21": 35.944321394,
        "22": 61.3626139164,
        "23": 13.7911520004,
        "24": 15.3367218971,
        "25": 135.1422746181
    },
    "rel_time": {
        "0": 0.1681135732,
        "1": 0.1748120963,
        "2": 0.1712714301,
        "3": 0.1550946877,
        "4": 0.1612543576,
        "5": 0.1319844162,
        "6": 0.1302733003,
        "7": 0.1328853723,
        "8": 0.129603656,
        "9": 0.5544786272,
        "10": 0.1516189918,
        "11": 0.2765700865,
        "12": 0.4797838323,
        "13": 0.6930427456,
        "14": 0.3596527484,
        "15": 0.4561691871,
        "16": 0.5077907552,
        "17": 0.1121051136,
        "18": 0.4964256101,
        "19": 0.2974477082,
        "20": 0.1387854095,
        "21": 0.2659739263,
        "22": 0.454059354,
        "23": 0.1020491333,
        "24": 0.1134857463,
        "25": 1.0
    },
    "optimal_n_estimators": {
        "0": 270,
        "1": 291,
        "2": 271,
        "3": 229,
        "4": 245,
        "5": 83,
        "6": 77,
        "7": 83,
        "8": 83,
        "9": 91,
        "10": 83,
        "11": 107,
        "12": 90,
        "13": 152,
        "14": 600,
        "15": 93,
        "16": 142,
        "17": 90,
        "18": 108,
        "19": 24,
        "20": 34,
        "21": 77,
        "22": 12,
        "23": 1,
        "24": 1,
        "25": 12
    },
    "rel_optimal_n_estimators": {
        "0": 0.45,
        "1": 0.485,
        "2": 0.4516666667,
        "3": 0.3816666667,
        "4": 0.4083333333,
        "5": 0.1383333333,
        "6": 0.1283333333,
        "7": 0.1383333333,
        "8": 0.1383333333,
        "9": 0.1516666667,
        "10": 0.1383333333,
        "11": 0.1783333333,
        "12": 0.15,
        "13": 0.2533333333,
        "14": 1.0,
        "15": 0.155,
        "16": 0.2366666667,
        "17": 0.15,
        "18": 0.18,
        "19": 0.04,
        "20": 0.0566666667,
        "21": 0.1283333333,
        "22": 0.02,
        "23": 0.0016666667,
        "24": 0.0016666667,
        "25": 0.02
    },
    "ngenes_start": {
        "0": 47,
        "1": 44,
        "2": 44,
        "3": 44,
        "4": 44,
        "5": 44,
        "6": 44,
        "7": 44,
        "8": 44,
        "9": 44,
        "10": 78,
        "11": 78,
        "12": 44,
        "13": 44,
        "14": 78,
        "15": 78,
        "16": 44,
        "17": 78,
        "18": 44,
        "19": 44,
        "20": 44,
        "21": 44,
        "22": 44,
        "23": 44,
        "24": 44,
        "25": 76
    },
    "ngenes_max": {
        "0": 100000000,
        "1": 100000000,
        "2": 100000000,
        "3": 100000000,
        "4": 100000000,
        "5": 100000000,
        "6": 100000000,
        "7": 100000000,
        "8": 100000000,
        "9": 100000000,
        "10": 100000000,
        "11": 100000000,
        "12": 100000000,
        "13": 100000000,
        "14": 100000000,
        "15": 100000000,
        "16": 100000000,
        "17": 100000000,
        "18": 100000000,
        "19": 100000000,
        "20": 100000000,
        "21": 100000000,
        "22": 100000000,
        "23": 100000000,
        "24": 100000000,
        "25": 100000000
    },
    "ngenes": {
        "0": 47,
        "1": 44,
        "2": 44,
        "3": 44,
        "4": 44,
        "5": 44,
        "6": 44,
        "7": 44,
        "8": 44,
        "9": 295,
        "10": 109,
        "11": 205,
        "12": 288,
        "13": 294,
        "14": 109,
        "15": 301,
        "16": 269,
        "17": 108,
        "18": 278,
        "19": 205,
        "20": 105,
        "21": 146,
        "22": 256,
        "23": 16,
        "24": 7,
        "25": 1
    },
    "nfeatures_max": {
        "0": 100000000,
        "1": 100000000,
        "2": 100000000,
        "3": 100000000,
        "4": 100000000,
        "5": 100000000,
        "6": 100000000,
        "7": 100000000,
        "8": 100000000,
        "9": 100000000,
        "10": 100000000,
        "11": 100000000,
        "12": 100000000,
        "13": 100000000,
        "14": 100000000,
        "15": 100000000,
        "16": 100000000,
        "17": 100000000,
        "18": 100000000,
        "19": 100000000,
        "20": 100000000,
        "21": 100000000,
        "22": 100000000,
        "23": 100000000,
        "24": 100000000,
        "25": 100000000
    },
    "nfeatures": {
        "0": 47,
        "1": 44,
        "2": 44,
        "3": 44,
        "4": 44,
        "5": 44,
        "6": 44,
        "7": 44,
        "8": 44,
        "9": 526,
        "10": 121,
        "11": 279,
        "12": 499,
        "13": 504,
        "14": 121,
        "15": 410,
        "16": 435,
        "17": 119,
        "18": 467,
        "19": 327,
        "20": 154,
        "21": 208,
        "22": 398,
        "23": 17,
        "24": 7,
        "25": 1
    },
    "rel_scores": {
        "0": 1.0,
        "1": 0.9994975267,
        "2": 0.9993768137,
        "3": 0.9993589075,
        "4": 0.9992879638,
        "5": 0.9981490448,
        "6": 0.9981049384,
        "7": 0.9980998107,
        "8": 0.9979651249,
        "9": 0.9978236338,
        "10": 0.9976399587,
        "11": 0.9975902628,
        "12": 0.9974407545,
        "13": 0.9974317244,
        "14": 0.9974288671,
        "15": 0.9971203249,
        "16": 0.9966419003,
        "17": 0.9959833535,
        "18": 0.9950740926,
        "19": 0.9932008758,
        "20": 0.9928754219,
        "21": 0.9918691414,
        "22": 0.9860876522,
        "23": 0.9562357534,
        "24": 0.6505208318,
        "25": 0.5415082754
    },
    "complexity": {
        "0": 1865.0414901551,
        "1": 1881.7959999957,
        "2": 1752.4629415768,
        "3": 1480.863518897,
        "4": 1584.3299656322,
        "5": 1924.7730024892,
        "6": 1785.6327854417,
        "7": 1924.7730024892,
        "8": 1924.7730024892,
        "9": 5726.9333333333,
        "10": 1954.7824890814,
        "11": 3223.7734504769,
        "12": 3809.4464479764,
        "13": 4163.5585741046,
        "14": 3488.0,
        "15": 8445.4571203221,
        "16": 1018.6133333333,
        "17": 259.2,
        "18": 2797.3210398522,
        "19": 2099.2,
        "20": 1077.0650491033,
        "21": 292.0757276803,
        "22": 655.36,
        "23": 0.8533333333,
        "24": 11.9466666667,
        "25": 1.7636326148
    },
    "z-score": {
        "0": 0.0,
        "1": 0.612854282,
        "2": 0.7600849105,
        "3": 0.7819247047,
        "4": 0.8684529247,
        "5": 2.2575642665,
        "6": 2.311359698,
        "7": 2.3176138919,
        "8": 2.4818868398,
        "9": 2.6544599711,
        "10": 2.8784839237,
        "11": 2.939096763,
        "12": 3.121448439,
        "13": 3.1324622444,
        "14": 3.1359471463,
        "15": 3.5122684451,
        "16": 4.0957910356,
        "17": 4.8990042774,
        "18": 6.0080073805,
        "19": 8.2927235311,
        "20": 8.689671563,
        "21": 9.9170070274,
        "22": 16.9685462984,
        "23": 53.3781684436,
        "24": 426.2510920586,
        "25": 559.2110090223
    },
    "isbest": {
        "0": "*",
        "1": "",
        "2": "",
        "3": "",
        "4": "",
        "5": "",
        "6": "",
        "7": "",
        "8": "",
        "9": "",
        "10": "",
        "11": "",
        "12": "",
        "13": "",
        "14": "",
        "15": "",
        "16": "",
        "17": "",
        "18": "",
        "19": "",
        "20": "",
        "21": "",
        "22": "",
        "23": "",
        "24": "",
        "25": ""
    },
    "good": {
        "0": "+",
        "1": "",
        "2": "",
        "3": "",
        "4": "",
        "5": "",
        "6": "",
        "7": "",
        "8": "",
        "9": "",
        "10": "",
        "11": "",
        "12": "",
        "13": "",
        "14": "",
        "15": "",
        "16": "",
        "17": "",
        "18": "",
        "19": "",
        "20": "",
        "21": "",
        "22": "",
        "23": "",
        "24": "",
        "25": ""
    }
}