{
    "Coefficient": {
        "46_ClusterTE:ClusterID73:n2_f3:node2_ChatRtAsNode2:reciprocal_chat.0": 126002.734375,
        "41_reciprocal_chat": 47804.56640625,
        "29_node1_ChatRtAsNode1": 29895.15625,
        "6_n1_f12": 9169.8154296875,
        "9_n1_f3": 8423.154296875,
        "33_node1_contactsAsNode1": 8201.9140625,
        "19_n2_f12": 6234.3369140625,
        "15_n1_f9": 5284.8500976562,
        "40_node2_contactsAsNode2": 5131.2055664062,
        "45_InteractionMul:n1_f13:node1_chatsAsNode1": 4845.3725585938,
        "35_node2_ChatRtAsNode1": 4760.470703125,
        "1_ml_sub_f13": 4367.09375,
        "30_node1_ChatRtAsNode2": 4097.0205078125,
        "2_ml_sub_f9": 4044.16015625,
        "36_node2_ChatRtAsNode2": 3647.1613769531,
        "43_sameNode": 2988.3889160156,
        "31_node1_chatsAsNode1": 2122.3688964844,
        "34_node1_contactsAsNode2": 2091.44921875,
        "39_node2_contactsAsNode1": 2057.3759765625,
        "12_n1_f6": 2027.1773681641,
        "20_n2_f13": 1675.2811279297,
        "37_node2_chatsAsNode1": 1604.1135253906,
        "0_ml_sub_f11": 1560.2166748047,
        "44_NumToCatTE:n2_f9:reciprocal_chat.0": 1530.9916992188,
        "38_node2_chatsAsNode2": 1422.3684082031,
        "22_n2_f3": 1086.9014892578,
        "5_n1_f11": 1013.3984985352,
        "7_n1_f13": 1009.6419677734,
        "16_n2_f1": 993.40625,
        "32_node1_chatsAsNode2": 980.5740966797,
        "8_n1_f2": 913.8705444336,
        "18_n2_f11": 913.8579101562,
        "17_n2_f10": 827.6771850586,
        "21_n2_f2": 762.9652099609,
        "4_n1_f10": 744.1696777344,
        "42_reciprocal_within_test": 674.3615112305,
        "3_n1_f1": 583.4536743164,
        "27_n2_f8": 544.8962402344,
        "28_n2_f9": 525.6095581055,
        "23_n2_f4": 525.3367919922,
        "11_n1_f5": 415.557800293,
        "10_n1_f4": 411.3348388672,
        "13_n1_f7": 408.8605041504,
        "26_n2_f7": 408.0411987305,
        "25_n2_f6": 407.1171264648,
        "24_n2_f5": 379.0957641602,
        "14_n1_f8": 294.3384399414
    },
    "Description": {
        "46_ClusterTE:ClusterID73:n2_f3:node2_ChatRtAsNode2:reciprocal_chat.0": "Out-of-fold mean of the response grouped by: ['ClusterID73:n2_f3:node2_ChatRtAsNode2:reciprocal_chat'] using 5 folds [internal:(10, 3, 20)] (Clustered into 73 clusters) [internal:(73, True, 10, 3, 20)]",
        "41_reciprocal_chat": "reciprocal_chat (original)",
        "29_node1_ChatRtAsNode1": "node1_ChatRtAsNode1 (original)",
        "6_n1_f12": "n1_f12 (original)",
        "9_n1_f3": "n1_f3 (original)",
        "33_node1_contactsAsNode1": "node1_contactsAsNode1 (original)",
        "19_n2_f12": "n2_f12 (original)",
        "15_n1_f9": "n1_f9 (original)",
        "40_node2_contactsAsNode2": "node2_contactsAsNode2 (original)",
        "45_InteractionMul:n1_f13:node1_chatsAsNode1": "[n1_f13] * [node1_chatsAsNode1]",
        "35_node2_ChatRtAsNode1": "node2_ChatRtAsNode1 (original)",
        "1_ml_sub_f13": "ml_sub_f13 (original)",
        "30_node1_ChatRtAsNode2": "node1_ChatRtAsNode2 (original)",
        "2_ml_sub_f9": "ml_sub_f9 (original)",
        "36_node2_ChatRtAsNode2": "node2_ChatRtAsNode2 (original)",
        "43_sameNode": "sameNode (original)",
        "31_node1_chatsAsNode1": "node1_chatsAsNode1 (original)",
        "34_node1_contactsAsNode2": "node1_contactsAsNode2 (original)",
        "39_node2_contactsAsNode1": "node2_contactsAsNode1 (original)",
        "12_n1_f6": "n1_f6 (original)",
        "20_n2_f13": "n2_f13 (original)",
        "37_node2_chatsAsNode1": "node2_chatsAsNode1 (original)",
        "0_ml_sub_f11": "ml_sub_f11 (original)",
        "44_NumToCatTE:n2_f9:reciprocal_chat.0": "Out-of-fold mean of the response grouped by: ['n2_f9', 'reciprocal_chat'] using 5 folds [internal:(10, 3, 100)] (numeric columns are bucketed into 100 equally populated bins) [internal:(10, 3, 100)]",
        "38_node2_chatsAsNode2": "node2_chatsAsNode2 (original)",
        "22_n2_f3": "n2_f3 (original)",
        "5_n1_f11": "n1_f11 (original)",
        "7_n1_f13": "n1_f13 (original)",
        "16_n2_f1": "n2_f1 (original)",
        "32_node1_chatsAsNode2": "node1_chatsAsNode2 (original)",
        "8_n1_f2": "n1_f2 (original)",
        "18_n2_f11": "n2_f11 (original)",
        "17_n2_f10": "n2_f10 (original)",
        "21_n2_f2": "n2_f2 (original)",
        "4_n1_f10": "n1_f10 (original)",
        "42_reciprocal_within_test": "reciprocal_within_test (original)",
        "3_n1_f1": "n1_f1 (original)",
        "27_n2_f8": "n2_f8 (original)",
        "28_n2_f9": "n2_f9 (original)",
        "23_n2_f4": "n2_f4 (original)",
        "11_n1_f5": "n1_f5 (original)",
        "10_n1_f4": "n1_f4 (original)",
        "13_n1_f7": "n1_f7 (original)",
        "26_n2_f7": "n2_f7 (original)",
        "25_n2_f6": "n2_f6 (original)",
        "24_n2_f5": "n2_f5 (original)",
        "14_n1_f8": "n1_f8 (original)"
    }
}