{
    "Relative Importance": {
        "46_ClusterTE:ClusterID73:n2_f3:node2_ChatRtAsNode2:reciprocal_chat.0": 1.0,
        "41_reciprocal_chat": 0.2316359431,
        "29_node1_ChatRtAsNode1": 0.229448542,
        "6_n1_f12": 0.0708578974,
        "9_n1_f3": 0.069378227,
        "33_node1_contactsAsNode1": 0.0536559522,
        "19_n2_f12": 0.0515794046,
        "15_n1_f9": 0.0355988294,
        "30_node1_ChatRtAsNode2": 0.0337908715,
        "35_node2_ChatRtAsNode1": 0.0330546871,
        "36_node2_ChatRtAsNode2": 0.0327925757,
        "1_ml_sub_f13": 0.0317449495,
        "2_ml_sub_f9": 0.0286692791,
        "40_node2_contactsAsNode2": 0.0259716716,
        "12_n1_f6": 0.0233055316,
        "43_sameNode": 0.0230273213,
        "45_InteractionMul:n1_f13:node1_chatsAsNode1": 0.0201941524,
        "31_node1_chatsAsNode1": 0.0187187567,
        "20_n2_f13": 0.0122780539,
        "22_n2_f3": 0.0121012162,
        "39_node2_contactsAsNode1": 0.0106136966,
        "44_NumToCatTE:n2_f9:reciprocal_chat.0": 0.0091525195,
        "37_node2_chatsAsNode1": 0.0087202946,
        "32_node1_chatsAsNode2": 0.0086521516,
        "38_node2_chatsAsNode2": 0.0074015232,
        "0_ml_sub_f11": 0.0068330057,
        "28_n2_f9": 0.0062668431,
        "34_node1_contactsAsNode2": 0.0060570231,
        "7_n1_f13": 0.0055176262,
        "17_n2_f10": 0.0050131609,
        "42_reciprocal_within_test": 0.0046300092,
        "16_n2_f1": 0.0045391191,
        "3_n1_f1": 0.0044202534,
        "18_n2_f11": 0.0041658329,
        "4_n1_f10": 0.0041433387,
        "5_n1_f11": 0.0036636756,
        "8_n1_f2": 0.0033439118,
        "25_n2_f6": 0.0030224344,
        "21_n2_f2": 0.0030090883,
        "23_n2_f4": 0.0024305044,
        "13_n1_f7": 0.0021475041,
        "26_n2_f7": 0.0020393615,
        "10_n1_f4": 0.0020112975,
        "27_n2_f8": 0.0015518724,
        "11_n1_f5": 0.001504616,
        "24_n2_f5": 0.0013502329,
        "14_n1_f8": 0.0013201982
    },
    "Description": {
        "46_ClusterTE:ClusterID73:n2_f3:node2_ChatRtAsNode2:reciprocal_chat.0": "N/A",
        "41_reciprocal_chat": "N/A",
        "29_node1_ChatRtAsNode1": "N/A",
        "6_n1_f12": "N/A",
        "9_n1_f3": "N/A",
        "33_node1_contactsAsNode1": "N/A",
        "19_n2_f12": "N/A",
        "15_n1_f9": "N/A",
        "30_node1_ChatRtAsNode2": "N/A",
        "35_node2_ChatRtAsNode1": "N/A",
        "36_node2_ChatRtAsNode2": "N/A",
        "1_ml_sub_f13": "N/A",
        "2_ml_sub_f9": "N/A",
        "40_node2_contactsAsNode2": "N/A",
        "12_n1_f6": "N/A",
        "43_sameNode": "N/A",
        "45_InteractionMul:n1_f13:node1_chatsAsNode1": "N/A",
        "31_node1_chatsAsNode1": "N/A",
        "20_n2_f13": "N/A",
        "22_n2_f3": "N/A",
        "39_node2_contactsAsNode1": "N/A",
        "44_NumToCatTE:n2_f9:reciprocal_chat.0": "N/A",
        "37_node2_chatsAsNode1": "N/A",
        "32_node1_chatsAsNode2": "N/A",
        "38_node2_chatsAsNode2": "N/A",
        "0_ml_sub_f11": "N/A",
        "28_n2_f9": "N/A",
        "34_node1_contactsAsNode2": "N/A",
        "7_n1_f13": "N/A",
        "17_n2_f10": "N/A",
        "42_reciprocal_within_test": "N/A",
        "16_n2_f1": "N/A",
        "3_n1_f1": "N/A",
        "18_n2_f11": "N/A",
        "4_n1_f10": "N/A",
        "5_n1_f11": "N/A",
        "8_n1_f2": "N/A",
        "25_n2_f6": "N/A",
        "21_n2_f2": "N/A",
        "23_n2_f4": "N/A",
        "13_n1_f7": "N/A",
        "26_n2_f7": "N/A",
        "10_n1_f4": "N/A",
        "27_n2_f8": "N/A",
        "11_n1_f5": "N/A",
        "24_n2_f5": "N/A",
        "14_n1_f8": "N/A"
    }
}