{
    "Optimized": {
        "GINI": "",
        "MCC": "",
        "F05": "",
        "F1": "",
        "F2": "",
        "ACCURACY": "",
        "LOGLOSS": "",
        "AUCPR": "",
        "AUC": "*"
    },
    "Better score is": {
        "GINI": "higher",
        "MCC": "higher",
        "F05": "higher",
        "F1": "higher",
        "F2": "higher",
        "ACCURACY": "higher",
        "LOGLOSS": "lower",
        "AUCPR": "higher",
        "AUC": "higher"
    },
    "Final ensemble scores on validation (internal or external holdout(s)) data": {
        "GINI": "0.85318",
        "MCC": "0.53927",
        "F05": "0.64713",
        "F1": "0.54253",
        "F2": "0.56322",
        "ACCURACY": "0.97693",
        "LOGLOSS": "0.078512",
        "AUCPR": "0.56789",
        "AUC": "0.92659"
    },
    "Final ensemble standard deviation on validation (internal or external holdout(s)) data": {
        "GINI": "0.0012044",
        "MCC": "0.0023343",
        "F05": "0.0027909",
        "F1": "0.0023564",
        "F2": "0.0013585",
        "ACCURACY": "0.0001225",
        "LOGLOSS": "0.00030422",
        "AUCPR": "0.0018978",
        "AUC": "0.00060215"
    },
    "Final test scores": {
        "GINI": "0.85379",
        "MCC": "0.54484",
        "F05": "0.65247",
        "F1": "0.54549",
        "F2": "0.56349",
        "ACCURACY": "0.97726",
        "LOGLOSS": "0.077818",
        "AUCPR": "0.5706",
        "AUC": "0.92689"
    },
    "Final test standard deviation": {
        "GINI": "0.0012024",
        "MCC": "0.003056",
        "F05": "0.0031968",
        "F1": "0.0023906",
        "F2": "0.0014766",
        "ACCURACY": "0.00015112",
        "LOGLOSS": "0.00034731",
        "AUCPR": "0.0022863",
        "AUC": "0.00060117"
    }
}