{
    "Relative Importance": {
        "reciprocal_chat": 1.0,
        "node2_ChatRtAsNode2": 0.8323679715,
        "n2_f3": 0.8156919949,
        "node1_ChatRtAsNode1": 0.1849215631,
        "n1_f12": 0.0571071537,
        "n1_f3": 0.0559146294,
        "node1_contactsAsNode1": 0.0432434326,
        "n2_f12": 0.0415698616,
        "node1_chatsAsNode1": 0.0313614369,
        "n1_f9": 0.0286904903,
        "node1_ChatRtAsNode2": 0.0272333863,
        "node2_ChatRtAsNode1": 0.0266400664,
        "ml_sub_f13": 0.0255844977,
        "ml_sub_f9": 0.0231056944,
        "node2_contactsAsNode2": 0.0209315869,
        "n1_f13": 0.020722129,
        "n1_f6": 0.0187828403,
        "sameNode": 0.0185586198,
        "n2_f9": 0.012427068,
        "n2_f13": 0.0098953643,
        "node2_contactsAsNode1": 0.0085539937,
        "node2_chatsAsNode1": 0.0070280268,
        "node1_chatsAsNode2": 0.0069731077,
        "node2_chatsAsNode2": 0.0059651773,
        "ml_sub_f11": 0.0055069868,
        "node1_contactsAsNode2": 0.004881592,
        "n2_f10": 0.0040403026,
        "reciprocal_within_test": 0.0037315057,
        "n2_f1": 0.0036582538,
        "n1_f1": 0.0035624553,
        "n2_f11": 0.0033574078,
        "n1_f10": 0.0033392788,
        "n1_f11": 0.0029526996,
        "n1_f2": 0.0026949895,
        "n2_f6": 0.0024358982,
        "n2_f2": 0.0024251421,
        "n2_f4": 0.0019588387,
        "n1_f7": 0.0017307577,
        "n2_f7": 0.0016436013,
        "n1_f4": 0.0016209834,
        "n2_f8": 0.0012507147,
        "n1_f5": 0.0012126289,
        "n2_f5": 0.0010882055,
        "n1_f8": 0.0010639994
    }
}