{
    "index": {
        "0": 0
    },
    "Type": {
        "0": "LightGBMModel"
    },
    "Split Type": {
        "0": "External"
    },
    "Model Weight": {
        "0": 1.0
    },
    "booster": {
        "0": "lightgbm"
    },
    "max_depth": {
        "0": 6
    },
    "max_leaves": {
        "0": 64
    },
    "subsample": {
        "0": 0.9
    },
    "colsample_bytree": {
        "0": 0.8
    },
    "tree_method": {
        "0": "gpu_hist"
    },
    "grow_policy": {
        "0": "depthwise"
    },
    "random_state": {
        "0": 1234
    },
    "learning rate": {
        "0": 0.05
    },
    "Target Transformer": {
        "0": "str"
    },
    "Fitted features": {
        "0": 47
    },
    "Fit iterations ": {
        "0": [
            1194
        ]
    },
    "Fit tree/step count ": {
        "0": [
            1194
        ]
    }
}