{
    "Coefficient": {
        "46_ClusterTE:ClusterID73:n2_f3:node2_ChatRtAsNode2:reciprocal_chat.0": 3640012.75,
        "41_reciprocal_chat": 843157.8125,
        "29_node1_ChatRtAsNode1": 835195.625,
        "6_n1_f12": 257923.65625,
        "9_n1_f3": 252537.640625,
        "33_node1_contactsAsNode1": 195308.34375,
        "19_n2_f12": 187749.6875,
        "15_n1_f9": 129580.1953125,
        "30_node1_ChatRtAsNode2": 122999.203125,
        "35_node2_ChatRtAsNode1": 120319.484375,
        "36_node2_ChatRtAsNode2": 119365.3984375,
        "1_ml_sub_f13": 115552.0234375,
        "2_ml_sub_f9": 104356.5390625,
        "40_node2_contactsAsNode2": 94537.21875,
        "12_n1_f6": 84832.4296875,
        "43_sameNode": 83819.7421875,
        "45_InteractionMul:n1_f13:node1_chatsAsNode1": 73506.96875,
        "31_node1_chatsAsNode1": 68136.515625,
        "20_n2_f13": 44692.2734375,
        "22_n2_f3": 44048.58203125,
        "39_node2_contactsAsNode1": 38633.9921875,
        "44_NumToCatTE:n2_f9:reciprocal_chat.0": 33315.2890625,
        "37_node2_chatsAsNode1": 31741.982421875,
        "32_node1_chatsAsNode2": 31493.94140625,
        "38_node2_chatsAsNode2": 26941.638671875,
        "0_ml_sub_f11": 24872.228515625,
        "28_n2_f9": 22811.388671875,
        "34_node1_contactsAsNode2": 22047.640625,
        "7_n1_f13": 20084.23046875,
        "17_n2_f10": 18247.96875,
        "42_reciprocal_within_test": 16853.29296875,
        "16_n2_f1": 16522.451171875,
        "3_n1_f1": 16089.779296875,
        "18_n2_f11": 15163.685546875,
        "4_n1_f10": 15081.8046875,
        "5_n1_f11": 13335.826171875,
        "8_n1_f2": 12171.8818359375,
        "25_n2_f6": 11001.7001953125,
        "21_n2_f2": 10953.1201171875,
        "23_n2_f4": 8847.0673828125,
        "13_n1_f7": 7816.9423828125,
        "26_n2_f7": 7423.3017578125,
        "10_n1_f4": 7321.1484375,
        "27_n2_f8": 5648.8349609375,
        "11_n1_f5": 5476.8212890625,
        "24_n2_f5": 4914.8647460938,
        "14_n1_f8": 4805.5380859375
    },
    "Description": {
        "46_ClusterTE:ClusterID73:n2_f3:node2_ChatRtAsNode2:reciprocal_chat.0": "N/A",
        "41_reciprocal_chat": "N/A",
        "29_node1_ChatRtAsNode1": "N/A",
        "6_n1_f12": "N/A",
        "9_n1_f3": "N/A",
        "33_node1_contactsAsNode1": "N/A",
        "19_n2_f12": "N/A",
        "15_n1_f9": "N/A",
        "30_node1_ChatRtAsNode2": "N/A",
        "35_node2_ChatRtAsNode1": "N/A",
        "36_node2_ChatRtAsNode2": "N/A",
        "1_ml_sub_f13": "N/A",
        "2_ml_sub_f9": "N/A",
        "40_node2_contactsAsNode2": "N/A",
        "12_n1_f6": "N/A",
        "43_sameNode": "N/A",
        "45_InteractionMul:n1_f13:node1_chatsAsNode1": "N/A",
        "31_node1_chatsAsNode1": "N/A",
        "20_n2_f13": "N/A",
        "22_n2_f3": "N/A",
        "39_node2_contactsAsNode1": "N/A",
        "44_NumToCatTE:n2_f9:reciprocal_chat.0": "N/A",
        "37_node2_chatsAsNode1": "N/A",
        "32_node1_chatsAsNode2": "N/A",
        "38_node2_chatsAsNode2": "N/A",
        "0_ml_sub_f11": "N/A",
        "28_n2_f9": "N/A",
        "34_node1_contactsAsNode2": "N/A",
        "7_n1_f13": "N/A",
        "17_n2_f10": "N/A",
        "42_reciprocal_within_test": "N/A",
        "16_n2_f1": "N/A",
        "3_n1_f1": "N/A",
        "18_n2_f11": "N/A",
        "4_n1_f10": "N/A",
        "5_n1_f11": "N/A",
        "8_n1_f2": "N/A",
        "25_n2_f6": "N/A",
        "21_n2_f2": "N/A",
        "23_n2_f4": "N/A",
        "13_n1_f7": "N/A",
        "26_n2_f7": "N/A",
        "10_n1_f4": "N/A",
        "27_n2_f8": "N/A",
        "11_n1_f5": "N/A",
        "24_n2_f5": "N/A",
        "14_n1_f8": "N/A"
    }
}