{
    "Relative Importance": {
        "46_ClusterTE:ClusterID73:n2_f3:node2_ChatRtAsNode2:reciprocal_chat.0": 1.0,
        "41_reciprocal_chat": 0.3793931007,
        "29_node1_ChatRtAsNode1": 0.2372580022,
        "6_n1_f12": 0.0727747306,
        "9_n1_f3": 0.0668489784,
        "33_node1_contactsAsNode1": 0.0650931448,
        "19_n2_f12": 0.0494777896,
        "15_n1_f9": 0.0419423431,
        "40_node2_contactsAsNode2": 0.0407229699,
        "45_InteractionMul:n1_f13:node1_chatsAsNode1": 0.0384545028,
        "35_node2_ChatRtAsNode1": 0.0377806947,
        "1_ml_sub_f13": 0.0346587226,
        "30_node1_ChatRtAsNode2": 0.0325153284,
        "2_ml_sub_f9": 0.0320958123,
        "36_node2_ChatRtAsNode2": 0.0289450977,
        "43_sameNode": 0.0237168577,
        "31_node1_chatsAsNode1": 0.0168438312,
        "34_node1_contactsAsNode2": 0.0165984426,
        "39_node2_contactsAsNode1": 0.0163280256,
        "12_n1_f6": 0.0160883609,
        "20_n2_f13": 0.0132955937,
        "37_node2_chatsAsNode1": 0.0127307838,
        "0_ml_sub_f11": 0.012382403,
        "44_NumToCatTE:n2_f9:reciprocal_chat.0": 0.0121504636,
        "38_node2_chatsAsNode2": 0.0112883933,
        "22_n2_f3": 0.0086260149,
        "5_n1_f11": 0.0080426708,
        "7_n1_f13": 0.0080128573,
        "16_n2_f1": 0.0078840051,
        "32_node1_chatsAsNode2": 0.0077821654,
        "8_n1_f2": 0.0072527835,
        "18_n2_f11": 0.0072526829,
        "17_n2_f10": 0.0065687238,
        "21_n2_f2": 0.0060551479,
        "4_n1_f10": 0.0059059802,
        "42_reciprocal_within_test": 0.0053519593,
        "3_n1_f1": 0.0046304842,
        "27_n2_f8": 0.0043244795,
        "28_n2_f9": 0.0041714138,
        "23_n2_f4": 0.004169249,
        "11_n1_f5": 0.0032980063,
        "10_n1_f4": 0.0032644914,
        "13_n1_f7": 0.0032448543,
        "26_n2_f7": 0.003238352,
        "25_n2_f6": 0.0032310181,
        "24_n2_f5": 0.0030086313,
        "14_n1_f8": 0.0023359687
    },
    "Description": {
        "46_ClusterTE:ClusterID73:n2_f3:node2_ChatRtAsNode2:reciprocal_chat.0": "Out-of-fold mean of the response grouped by: ['ClusterID73:n2_f3:node2_ChatRtAsNode2:reciprocal_chat'] using 5 folds [internal:(10, 3, 20)] (Clustered into 73 clusters) [internal:(73, True, 10, 3, 20)]",
        "41_reciprocal_chat": "reciprocal_chat (original)",
        "29_node1_ChatRtAsNode1": "node1_ChatRtAsNode1 (original)",
        "6_n1_f12": "n1_f12 (original)",
        "9_n1_f3": "n1_f3 (original)",
        "33_node1_contactsAsNode1": "node1_contactsAsNode1 (original)",
        "19_n2_f12": "n2_f12 (original)",
        "15_n1_f9": "n1_f9 (original)",
        "40_node2_contactsAsNode2": "node2_contactsAsNode2 (original)",
        "45_InteractionMul:n1_f13:node1_chatsAsNode1": "[n1_f13] * [node1_chatsAsNode1]",
        "35_node2_ChatRtAsNode1": "node2_ChatRtAsNode1 (original)",
        "1_ml_sub_f13": "ml_sub_f13 (original)",
        "30_node1_ChatRtAsNode2": "node1_ChatRtAsNode2 (original)",
        "2_ml_sub_f9": "ml_sub_f9 (original)",
        "36_node2_ChatRtAsNode2": "node2_ChatRtAsNode2 (original)",
        "43_sameNode": "sameNode (original)",
        "31_node1_chatsAsNode1": "node1_chatsAsNode1 (original)",
        "34_node1_contactsAsNode2": "node1_contactsAsNode2 (original)",
        "39_node2_contactsAsNode1": "node2_contactsAsNode1 (original)",
        "12_n1_f6": "n1_f6 (original)",
        "20_n2_f13": "n2_f13 (original)",
        "37_node2_chatsAsNode1": "node2_chatsAsNode1 (original)",
        "0_ml_sub_f11": "ml_sub_f11 (original)",
        "44_NumToCatTE:n2_f9:reciprocal_chat.0": "Out-of-fold mean of the response grouped by: ['n2_f9', 'reciprocal_chat'] using 5 folds [internal:(10, 3, 100)] (numeric columns are bucketed into 100 equally populated bins) [internal:(10, 3, 100)]",
        "38_node2_chatsAsNode2": "node2_chatsAsNode2 (original)",
        "22_n2_f3": "n2_f3 (original)",
        "5_n1_f11": "n1_f11 (original)",
        "7_n1_f13": "n1_f13 (original)",
        "16_n2_f1": "n2_f1 (original)",
        "32_node1_chatsAsNode2": "node1_chatsAsNode2 (original)",
        "8_n1_f2": "n1_f2 (original)",
        "18_n2_f11": "n2_f11 (original)",
        "17_n2_f10": "n2_f10 (original)",
        "21_n2_f2": "n2_f2 (original)",
        "4_n1_f10": "n1_f10 (original)",
        "42_reciprocal_within_test": "reciprocal_within_test (original)",
        "3_n1_f1": "n1_f1 (original)",
        "27_n2_f8": "n2_f8 (original)",
        "28_n2_f9": "n2_f9 (original)",
        "23_n2_f4": "n2_f4 (original)",
        "11_n1_f5": "n1_f5 (original)",
        "10_n1_f4": "n1_f4 (original)",
        "13_n1_f7": "n1_f7 (original)",
        "26_n2_f7": "n2_f7 (original)",
        "25_n2_f6": "n2_f6 (original)",
        "24_n2_f5": "n2_f5 (original)",
        "14_n1_f8": "n1_f8 (original)"
    }
}