{
    "Relative Importance": {
        "reciprocal_chat": 1.0,
        "node2_ChatRtAsNode2": 0.7394271542,
        "n2_f3": 0.724825324,
        "node1_ChatRtAsNode1": 0.1704998738,
        "n1_f12": 0.0522978457,
        "n1_f3": 0.0480394435,
        "node1_contactsAsNode1": 0.046777655,
        "node1_chatsAsNode1": 0.039738845,
        "n2_f12": 0.0355560478,
        "n1_f13": 0.0333926736,
        "n1_f9": 0.0301408768,
        "node2_contactsAsNode2": 0.029264603,
        "node2_ChatRtAsNode1": 0.0271502062,
        "ml_sub_f13": 0.0249066745,
        "node1_ChatRtAsNode2": 0.0233663747,
        "ml_sub_f9": 0.0230648994,
        "sameNode": 0.017043561,
        "node1_contactsAsNode2": 0.0119280797,
        "node2_contactsAsNode1": 0.0117337509,
        "n2_f9": 0.0117293327,
        "n1_f6": 0.0115615216,
        "n2_f13": 0.0095545652,
        "node2_chatsAsNode1": 0.0091486778,
        "ml_sub_f11": 0.0088983222,
        "node2_chatsAsNode2": 0.0081121379,
        "n1_f11": 0.0057796759,
        "n2_f1": 0.0056656545,
        "node1_chatsAsNode2": 0.0055924698,
        "n1_f2": 0.005212042,
        "n2_f11": 0.0052119697,
        "n2_f10": 0.0047204586,
        "n2_f2": 0.0043513894,
        "n1_f10": 0.0042441936,
        "reciprocal_within_test": 0.0038460594,
        "n1_f1": 0.0033275883,
        "n2_f8": 0.0031076853,
        "n2_f4": 0.0029961326,
        "n1_f5": 0.0023700345,
        "n1_f4": 0.0023459499,
        "n1_f7": 0.0023318381,
        "n2_f7": 0.0023271654,
        "n2_f6": 0.002321895,
        "n2_f5": 0.002162082,
        "n1_f8": 0.0016786888
    }
}