{"self": {"_identity": [12987], "_config": {"authkey": {}, "semprefix": "/mp"}, "_parent_pid": 113, "_popen": null, "_target": {}, "_args": [{"_maxsize": 2, "_reader": {"_handle": 15, "_readable": true, "_writable": false}, "_writer": {"_handle": 16, "_readable": false, "_writable": true}, "_rlock": {"_semlock": "\"COULDNOTENCODE:<_multiprocessing.SemLock object at 0x7f9b88037a08>\"", "acquire": "\"COULDNOTENCODE:<built-in method acquire of _multiprocessing.SemLock object at 0x7f9b88037a08>\"", "release": "\"COULDNOTENCODE:<built-in method release of _multiprocessing.SemLock object at 0x7f9b88037a08>\""}, "_opid": 113, "_wlock": {"_semlock": "\"COULDNOTENCODE:<_multiprocessing.SemLock object at 0x7f9b8386eab0>\"", "acquire": "\"COULDNOTENCODE:<built-in method acquire of _multiprocessing.SemLock object at 0x7f9b8386eab0>\"", "release": "\"COULDNOTENCODE:<built-in method release of _multiprocessing.SemLock object at 0x7f9b8386eab0>\""}, "_sem": {"_semlock": "\"COULDNOTENCODE:<_multiprocessing.SemLock object at 0x7f9b7ea0b260>\"", "acquire": "\"COULDNOTENCODE:<built-in method acquire of _multiprocessing.SemLock object at 0x7f9b7ea0b260>\"", "release": "\"COULDNOTENCODE:<built-in method release of _multiprocessing.SemLock object at 0x7f9b7ea0b260>\""}, "_ignore_epipe": true, "_notempty": {"_lock": "\"COULDNOTENCODE:<unlocked _thread.lock object at 0x7f9b859c7a08>\"", "acquire": "\"COULDNOTENCODE:<built-in method acquire of _thread.lock object at 0x7f9b859c7a08>\"", "release": "\"COULDNOTENCODE:<built-in method release of _thread.lock object at 0x7f9b859c7a08>\"", "_waiters": "\"COULDNOTENCODE:deque([])\""}, "_buffer": "\"COULDNOTENCODE:deque([])\"", "_thread": null, "_jointhread": null, "_joincancelled": false, "_closed": false, "_close": null, "_send_bytes": {}, "_recv_bytes": {}, "_poll": {}}, {"_reader": {"_handle": 17, "_readable": true, "_writable": false}, "_writer": {"_handle": 19, "_readable": false, "_writable": true}, "_rlock": {"_semlock": "\"COULDNOTENCODE:<_multiprocessing.SemLock object at 0x7f9b8caa6c00>\"", "acquire": "\"COULDNOTENCODE:<built-in method acquire of _multiprocessing.SemLock object at 0x7f9b8caa6c00>\"", "release": "\"COULDNOTENCODE:<built-in method release of _multiprocessing.SemLock object at 0x7f9b8caa6c00>\""}, "_poll": {}, "_wlock": {"_semlock": "\"COULDNOTENCODE:<_multiprocessing.SemLock object at 0x7f9b8caa6ae8>\"", "acquire": "\"COULDNOTENCODE:<built-in method acquire of _multiprocessing.SemLock object at 0x7f9b8caa6ae8>\"", "release": "\"COULDNOTENCODE:<built-in method release of _multiprocessing.SemLock object at 0x7f9b8caa6ae8>\""}}], "_kwargs": {}, "_name": "Process-12987"}, "valid_threshold": 0.28021591901779175, "validation": "external", "AUC": {"valid_score": 0.9265883159501213, "valid_sd": 0.0006021535908379046, "maximize": true}}