{"Data preparation": {"length": 40.45860838890076, "models": 0, "expected_models": 0}, "Model and feature tuning": {"length": 666.4160604476929, "models": 18, "expected_models": 18}, "Feature evolution": {"length": 89.02567601203918, "models": 6, "expected_models": 24}, "Final pipeline training": {"length": 369.9166188240051, "models": 1, "expected_models": 1}, "Python scorer building": {"length": 13.029884576797485, "models": 0, "expected_models": 0}, "Mojo scorer building": {"length": 5.9604644775390625e-06, "models": 0, "expected_models": 0}}