{
    "job order": {
        "0": 5,
        "1": 3,
        "2": 7,
        "3": 0,
        "4": 14,
        "5": 10,
        "6": 2,
        "7": 11,
        "8": 6,
        "9": 4,
        "10": 1,
        "11": 15,
        "12": 16,
        "13": 9,
        "14": 13,
        "15": 12,
        "16": 8
    },
    "job status": {
        "0": "PASSED",
        "1": "PASSED",
        "2": "PASSED",
        "3": "PASSED",
        "4": "PASSED",
        "5": "PASSED",
        "6": "PASSED",
        "7": "PASSED",
        "8": "PASSED",
        "9": "PASSED",
        "10": "PASSED",
        "11": "PASSED",
        "12": "PASSED",
        "13": "PASSED",
        "14": "PASSED",
        "15": "PASSED",
        "16": "PASSED"
    },
    "n_gpus": {
        "0": 1,
        "1": 1,
        "2": 1,
        "3": 1,
        "4": 1,
        "5": 1,
        "6": 1,
        "7": 1,
        "8": 1,
        "9": 1,
        "10": 1,
        "11": 1,
        "12": 1,
        "13": 1,
        "14": 1,
        "15": 1,
        "16": 1
    },
    "gpu_id": {
        "0": 0,
        "1": 0,
        "2": 0,
        "3": 0,
        "4": 0,
        "5": 0,
        "6": 0,
        "7": 0,
        "8": 0,
        "9": 0,
        "10": 0,
        "11": 0,
        "12": 0,
        "13": 0,
        "14": 0,
        "15": 0,
        "16": 0
    },
    "n_estimators": {
        "0": 600,
        "1": 600,
        "2": 600,
        "3": 600,
        "4": 600,
        "5": 600,
        "6": 600,
        "7": 600,
        "8": 600,
        "9": 600,
        "10": 600,
        "11": 600,
        "12": 600,
        "13": 600,
        "14": 600,
        "15": 600,
        "16": 600
    },
    "booster": {
        "0": "lightgbm",
        "1": "lightgbm",
        "2": "lightgbm",
        "3": "lightgbm",
        "4": "lightgbm",
        "5": "lightgbm",
        "6": "lightgbm",
        "7": "lightgbm",
        "8": "lightgbm",
        "9": "lightgbm",
        "10": "lightgbm",
        "11": "lightgbm",
        "12": "lightgbm",
        "13": "lightgbm",
        "14": "lightgbm",
        "15": "lightgbm",
        "16": "gblinear"
    },
    "learning_rate": {
        "0": 0.1,
        "1": 0.1,
        "2": 0.1,
        "3": 0.1,
        "4": 0.15,
        "5": 0.15,
        "6": 0.1,
        "7": 0.05,
        "8": 0.1,
        "9": 0.1,
        "10": 0.1,
        "11": 0.1,
        "12": 0.15,
        "13": 0.25,
        "14": 0.2,
        "15": 0.25,
        "16": 0.1
    },
    "reg_alpha": {
        "0": 1.0,
        "1": 1.0,
        "2": 1.0,
        "3": 1.0,
        "4": 0.0,
        "5": 0.0,
        "6": 1.0,
        "7": 0.0,
        "8": 1.0,
        "9": 1.0,
        "10": 1.0,
        "11": 1.0,
        "12": 0.0,
        "13": 0.0,
        "14": 0.0,
        "15": 0.0,
        "16": 1.0
    },
    "reg_lambda": {
        "0": 0.0,
        "1": 0.0,
        "2": 0.0,
        "3": 0.0,
        "4": 2.0,
        "5": 5.0,
        "6": 0.0,
        "7": 2.0,
        "8": 0.0,
        "9": 0.0,
        "10": 0.0,
        "11": 0.0,
        "12": 0.5,
        "13": 0.5,
        "14": 1.0,
        "15": 1.0,
        "16": 0.0
    },
    "gamma": {
        "0": 0.0,
        "1": 0.0,
        "2": 0.0,
        "3": 0.0,
        "4": 0.0,
        "5": 0.0,
        "6": 0.0,
        "7": 0.0,
        "8": 0.0,
        "9": 0.0,
        "10": 0.0,
        "11": 0.0,
        "12": 0.001,
        "13": 0.001,
        "14": 0.01,
        "15": 10.0,
        "16": 0.0
    },
    "max_depth": {
        "0": 6.0,
        "1": 6.0,
        "2": 6.0,
        "3": 6.0,
        "4": 6.0,
        "5": 7.0,
        "6": 10.0,
        "7": 4.0,
        "8": 10.0,
        "9": 10.0,
        "10": 10.0,
        "11": 8.0,
        "12": 0.0,
        "13": 0.0,
        "14": 8.0,
        "15": 0.0,
        "16": 6.0
    },
    "max_bin": {
        "0": 256,
        "1": 256,
        "2": 256,
        "3": 256,
        "4": 256,
        "5": 256,
        "6": 256,
        "7": 256,
        "8": 256,
        "9": 256,
        "10": 256,
        "11": 256,
        "12": 256,
        "13": 256,
        "14": 256,
        "15": 32,
        "16": 256
    },
    "max_leaves": {
        "0": 0.0,
        "1": 0.0,
        "2": 0.0,
        "3": 0.0,
        "4": 0.0,
        "5": 0.0,
        "6": 0.0,
        "7": 0.0,
        "8": 0.0,
        "9": 0.0,
        "10": 0.0,
        "11": 0.0,
        "12": 16.0,
        "13": 16.0,
        "14": 0.0,
        "15": 1024.0,
        "16": 0.0
    },
    "scale_pos_weight": {
        "0": 1.0,
        "1": 1.0,
        "2": 1.0,
        "3": 1.0,
        "4": 1.0,
        "5": 1.0,
        "6": 1.0,
        "7": 1.0,
        "8": 1.0,
        "9": 1.0,
        "10": 1.0,
        "11": 1.0,
        "12": 1.0,
        "13": 1.0,
        "14": 1.0,
        "15": 1.0,
        "16": 1.0
    },
    "max_delta_step": {
        "0": 10.0,
        "1": 10.0,
        "2": 10.0,
        "3": 10.0,
        "4": 5.0,
        "5": 0.0,
        "6": 10.0,
        "7": 5.0,
        "8": 10.0,
        "9": 10.0,
        "10": 10.0,
        "11": 10.0,
        "12": 10.0,
        "13": 0.0,
        "14": 10.0,
        "15": 5.0,
        "16": 10.0
    },
    "min_child_weight": {
        "0": 1,
        "1": 1,
        "2": 1,
        "3": 1,
        "4": 1,
        "5": 1,
        "6": 1,
        "7": 1,
        "8": 1,
        "9": 1,
        "10": 1,
        "11": 1,
        "12": 1,
        "13": 1,
        "14": 1,
        "15": 1,
        "16": 1
    },
    "subsample": {
        "0": 0.9,
        "1": 0.9,
        "2": 0.9,
        "3": 0.9,
        "4": 0.9,
        "5": 0.7,
        "6": 0.9,
        "7": 0.4,
        "8": 0.9,
        "9": 0.9,
        "10": 0.9,
        "11": 0.9,
        "12": 0.7,
        "13": 1.0,
        "14": 0.5,
        "15": 0.9,
        "16": 0.9
    },
    "colsample_bytree": {
        "0": 0.8,
        "1": 0.8,
        "2": 0.8,
        "3": 0.8,
        "4": 0.35,
        "5": 0.5,
        "6": 0.8,
        "7": 0.9,
        "8": 0.8,
        "9": 0.8,
        "10": 0.8,
        "11": 0.8,
        "12": 0.8,
        "13": 0.6,
        "14": 0.9,
        "15": 0.4,
        "16": 0.8
    },
    "tree_method": {
        "0": "gpu_hist",
        "1": "gpu_hist",
        "2": "gpu_hist",
        "3": "gpu_hist",
        "4": "gpu_hist",
        "5": "gpu_hist",
        "6": "gpu_hist",
        "7": "gpu_hist",
        "8": "gpu_hist",
        "9": "gpu_hist",
        "10": "gpu_hist",
        "11": "gpu_hist",
        "12": "gpu_hist",
        "13": "gpu_hist",
        "14": "gpu_hist",
        "15": "gpu_hist",
        "16": "gpu_hist"
    },
    "grow_policy": {
        "0": "depthwise",
        "1": "depthwise",
        "2": "depthwise",
        "3": "depthwise",
        "4": "depthwise",
        "5": "depthwise",
        "6": "depthwise",
        "7": "depthwise",
        "8": "depthwise",
        "9": "depthwise",
        "10": "depthwise",
        "11": "depthwise",
        "12": "lossguide",
        "13": "lossguide",
        "14": "depthwise",
        "15": "lossguide",
        "16": "depthwise"
    },
    "min_data_in_bin": {
        "0": 10,
        "1": 10,
        "2": 10,
        "3": 10,
        "4": 5,
        "5": 5,
        "6": 10,
        "7": 5,
        "8": 10,
        "9": 10,
        "10": 10,
        "11": 10,
        "12": 1,
        "13": 5,
        "14": 1,
        "15": 5,
        "16": 10
    },
    "min_child_samples": {
        "0": 10,
        "1": 10,
        "2": 10,
        "3": 10,
        "4": 100,
        "5": 200,
        "6": 10,
        "7": 10,
        "8": 10,
        "9": 10,
        "10": 10,
        "11": 10,
        "12": 1,
        "13": 5,
        "14": 50,
        "15": 200,
        "16": 10
    },
    "boosting_type": {
        "0": "gbdt",
        "1": "gbdt",
        "2": "gbdt",
        "3": "gbdt",
        "4": "gbdt",
        "5": "dart",
        "6": "gbdt",
        "7": "dart",
        "8": "gbdt",
        "9": "gbdt",
        "10": "gbdt",
        "11": "gbdt",
        "12": "gbdt",
        "13": "dart",
        "14": "dart",
        "15": "rf",
        "16": "gbdt"
    },
    "early_stopping_rounds": {
        "0": 5,
        "1": 5,
        "2": 5,
        "3": 5,
        "4": 5,
        "5": 5,
        "6": 5,
        "7": 5,
        "8": 5,
        "9": 5,
        "10": 5,
        "11": 5,
        "12": 5,
        "13": 5,
        "14": 5,
        "15": 5,
        "16": 5
    },
    "num_classes": {
        "0": 2,
        "1": 2,
        "2": 2,
        "3": 2,
        "4": 2,
        "5": 2,
        "6": 2,
        "7": 2,
        "8": 2,
        "9": 2,
        "10": 2,
        "11": 2,
        "12": 2,
        "13": 2,
        "14": 2,
        "15": 2,
        "16": 2
    },
    "score_f_name": {
        "0": "AUC",
        "1": "AUC",
        "2": "AUC",
        "3": "AUC",
        "4": "AUC",
        "5": "AUC",
        "6": "AUC",
        "7": "AUC",
        "8": "AUC",
        "9": "AUC",
        "10": "AUC",
        "11": "AUC",
        "12": "AUC",
        "13": "AUC",
        "14": "AUC",
        "15": "AUC",
        "16": "AUC"
    },
    "objective": {
        "0": "xentropy",
        "1": "xentropy",
        "2": "xentropy",
        "3": "binary",
        "4": "binary",
        "5": "xentropy",
        "6": "xentropy",
        "7": "xentropy",
        "8": "xentropy",
        "9": "xentropy",
        "10": "xentropy",
        "11": "xentropy",
        "12": "binary",
        "13": "binary",
        "14": "xentropy",
        "15": "binary",
        "16": "xentropy"
    },
    "eval_metric": {
        "0": "logloss",
        "1": "logloss",
        "2": "logloss",
        "3": "logloss",
        "4": "logloss",
        "5": "logloss",
        "6": "logloss",
        "7": "logloss",
        "8": "logloss",
        "9": "logloss",
        "10": "logloss",
        "11": "logloss",
        "12": "logloss",
        "13": "logloss",
        "14": "logloss",
        "15": "logloss",
        "16": "logloss"
    },
    "random_state": {
        "0": 1234,
        "1": 1234,
        "2": 1234,
        "3": 1234,
        "4": 1234,
        "5": 1234,
        "6": 1234,
        "7": 1234,
        "8": 1234,
        "9": 1234,
        "10": 1234,
        "11": 1234,
        "12": 1234,
        "13": 1234,
        "14": 1234,
        "15": 1234,
        "16": 1234
    },
    "early_stopping_threshold": {
        "0": 0.0001,
        "1": 0.0001,
        "2": 0.0001,
        "3": 0.0001,
        "4": 0.0001,
        "5": 0.0001,
        "6": 0.0001,
        "7": 0.0001,
        "8": 0.0001,
        "9": 0.0001,
        "10": 0.0001,
        "11": 0.0001,
        "12": 0.0001,
        "13": 0.0001,
        "14": 0.0001,
        "15": 0.0001,
        "16": 0.0001
    },
    "monotonicity_constraints": {
        "0": false,
        "1": false,
        "2": false,
        "3": false,
        "4": false,
        "5": false,
        "6": false,
        "7": false,
        "8": false,
        "9": false,
        "10": false,
        "11": false,
        "12": false,
        "13": false,
        "14": false,
        "15": false,
        "16": false
    },
    "silent": {
        "0": true,
        "1": true,
        "2": true,
        "3": true,
        "4": true,
        "5": true,
        "6": true,
        "7": true,
        "8": true,
        "9": true,
        "10": true,
        "11": true,
        "12": true,
        "13": true,
        "14": true,
        "15": true,
        "16": true
    },
    "debug_verbose": {
        "0": 0,
        "1": 0,
        "2": 0,
        "3": 0,
        "4": 0,
        "5": 0,
        "6": 0,
        "7": 0,
        "8": 0,
        "9": 0,
        "10": 0,
        "11": 0,
        "12": 0,
        "13": 0,
        "14": 0,
        "15": 0,
        "16": 0
    },
    "model_origin": {
        "0": "DefaultIndiv: do_te:True,interp:11,depth:6,num_as_cat:False",
        "1": "DefaultIndiv: do_te:False,interp:1,depth:6,num_as_cat:False",
        "2": "DefaultIndiv: do_te:True,interp:1,depth:6,num_as_cat:False",
        "3": "BRAIN_1",
        "4": "RANDOM",
        "5": "RANDOM",
        "6": "DefaultIndiv: do_te:False,interp:1,depth:10,num_as_cat:False",
        "7": "RANDOM",
        "8": "DefaultIndiv: do_te:True,interp:1,depth:10,num_as_cat:False",
        "9": "DefaultIndiv: do_te:True,interp:11,depth:10,num_as_cat:False",
        "10": "DefaultIndiv: do_te:False,interp:11,depth:10,num_as_cat:False",
        "11": "SEQUENCE",
        "12": "RANDOM",
        "13": "RANDOM",
        "14": "RANDOM",
        "15": "RANDOM",
        "16": "GLM_OHE"
    },
    "rate_drop": {
        "0": 0.1,
        "1": 0.1,
        "2": 0.1,
        "3": 0.1,
        "4": 0.2,
        "5": 0.2,
        "6": 0.1,
        "7": 0.1,
        "8": 0.1,
        "9": 0.1,
        "10": 0.1,
        "11": 0.1,
        "12": 0.1,
        "13": 0.01,
        "14": 0.2,
        "15": 0.01,
        "16": 0.1
    },
    "skip_drop": {
        "0": 0.6,
        "1": 0.6,
        "2": 0.6,
        "3": 0.6,
        "4": 0.5,
        "5": 0.6,
        "6": 0.6,
        "7": 0.6,
        "8": 0.6,
        "9": 0.6,
        "10": 0.6,
        "11": 0.6,
        "12": 0.5,
        "13": 0.4,
        "14": 0.5,
        "15": 0.4,
        "16": 0.6
    },
    "max_drop": {
        "0": 100,
        "1": 100,
        "2": 100,
        "3": 100,
        "4": 200,
        "5": 100,
        "6": 100,
        "7": 100,
        "8": 100,
        "9": 100,
        "10": 100,
        "11": 100,
        "12": 100,
        "13": 100,
        "14": 200,
        "15": 100,
        "16": 100
    },
    "subsample_freq": {
        "0": 1,
        "1": 1,
        "2": 1,
        "3": 1,
        "4": 1,
        "5": 1,
        "6": 1,
        "7": 10,
        "8": 1,
        "9": 1,
        "10": 1,
        "11": 1,
        "12": 10,
        "13": 20,
        "14": 20,
        "15": 5,
        "16": 1
    },
    "is_unbalance": {
        "0": true,
        "1": true,
        "2": true,
        "3": false,
        "4": false,
        "5": true,
        "6": true,
        "7": true,
        "8": true,
        "9": true,
        "10": true,
        "11": true,
        "12": false,
        "13": false,
        "14": true,
        "15": true,
        "16": true
    },
    "scores": {
        "0": 0.922209528,
        "1": 0.9222090892,
        "2": 0.9221885073,
        "3": 0.9221884992,
        "4": 0.9204367947,
        "5": 0.9200927517,
        "6": 0.9200814864,
        "7": 0.9200701053,
        "8": 0.9200097605,
        "9": 0.9196990617,
        "10": 0.9195812651,
        "11": 0.9190918089,
        "12": 0.9190166743,
        "13": 0.9183994061,
        "14": 0.9141138083,
        "15": 0.6310578404,
        "16": 0.5
    },
    "scores_sd": {
        "0": 0.0011782213,
        "1": 0.001178326,
        "2": 0.0011219856,
        "3": 0.0011221897,
        "4": 0.0011131832,
        "5": 0.0012021701,
        "6": 0.0011893861,
        "7": 0.0011334864,
        "8": 0.0011734217,
        "9": 0.0010895402,
        "10": 0.0010543252,
        "11": 0.0011495056,
        "12": 0.0011463428,
        "13": 0.0011339857,
        "14": 0.0011743325,
        "15": 0.0007087326,
        "16": 0.0
    },
    "training_times": {
        "0": 7.0621151924,
        "1": 6.9621238708,
        "2": 6.856698513,
        "3": 6.1004171371,
        "4": 20.8342671394,
        "5": 11.5361168385,
        "6": 8.3484392166,
        "7": 16.9344010353,
        "8": 8.0762381554,
        "9": 8.6424944401,
        "10": 8.1431376934,
        "11": 37.7104892731,
        "12": 35.7258329391,
        "13": 9.3960800171,
        "14": 10.9945669174,
        "15": 8.976028204,
        "16": 53.6810867786
    },
    "rel_time": {
        "0": 0.1315568595,
        "1": 0.1296941677,
        "2": 0.1277302477,
        "3": 0.1136418337,
        "4": 0.3881118731,
        "5": 0.2149009555,
        "6": 0.1555191915,
        "7": 0.3154630812,
        "8": 0.1504484846,
        "9": 0.1609970095,
        "10": 0.1516947249,
        "11": 0.7024911666,
        "12": 0.6655199267,
        "13": 0.1750352048,
        "14": 0.2048126738,
        "15": 0.1672102549,
        "16": 1.0
    },
    "optimal_n_estimators": {
        "0": 137,
        "1": 137,
        "2": 131,
        "3": 131,
        "4": 60,
        "5": 61,
        "6": 66,
        "7": 284,
        "8": 65,
        "9": 64,
        "10": 56,
        "11": 58,
        "12": 52,
        "13": 60,
        "14": 27,
        "15": 1,
        "16": 12
    },
    "rel_optimal_n_estimators": {
        "0": 0.4823943662,
        "1": 0.4823943662,
        "2": 0.4612676056,
        "3": 0.4612676056,
        "4": 0.2112676056,
        "5": 0.2147887324,
        "6": 0.2323943662,
        "7": 1.0,
        "8": 0.2288732394,
        "9": 0.2253521127,
        "10": 0.1971830986,
        "11": 0.2042253521,
        "12": 0.1830985915,
        "13": 0.2112676056,
        "14": 0.0950704225,
        "15": 0.0035211268,
        "16": 0.0422535211
    },
    "ngenes_start": {
        "0": 44,
        "1": 44,
        "2": 44,
        "3": 44,
        "4": 218,
        "5": 110,
        "6": 44,
        "7": 110,
        "8": 44,
        "9": 44,
        "10": 44,
        "11": 44,
        "12": 44,
        "13": 110,
        "14": 110,
        "15": 110,
        "16": 76
    },
    "ngenes_max": {
        "0": 100000000,
        "1": 100000000,
        "2": 100000000,
        "3": 100000000,
        "4": 100000000,
        "5": 100000000,
        "6": 100000000,
        "7": 100000000,
        "8": 100000000,
        "9": 100000000,
        "10": 100000000,
        "11": 100000000,
        "12": 100000000,
        "13": 100000000,
        "14": 100000000,
        "15": 100000000,
        "16": 100000000
    },
    "ngenes": {
        "0": 44,
        "1": 44,
        "2": 44,
        "3": 44,
        "4": 210,
        "5": 108,
        "6": 44,
        "7": 107,
        "8": 44,
        "9": 44,
        "10": 44,
        "11": 297,
        "12": 196,
        "13": 102,
        "14": 105,
        "15": 12,
        "16": 1
    },
    "nfeatures_max": {
        "0": 100000000,
        "1": 100000000,
        "2": 100000000,
        "3": 100000000,
        "4": 100000000,
        "5": 100000000,
        "6": 100000000,
        "7": 100000000,
        "8": 100000000,
        "9": 100000000,
        "10": 100000000,
        "11": 100000000,
        "12": 100000000,
        "13": 100000000,
        "14": 100000000,
        "15": 100000000,
        "16": 100000000
    },
    "nfeatures": {
        "0": 44,
        "1": 44,
        "2": 44,
        "3": 44,
        "4": 349,
        "5": 163,
        "6": 44,
        "7": 162,
        "8": 44,
        "9": 44,
        "10": 44,
        "11": 554,
        "12": 303,
        "13": 152,
        "14": 160,
        "15": 13,
        "16": 1
    },
    "rel_scores": {
        "0": 1.0,
        "1": 0.9999995242,
        "2": 0.9999772061,
        "3": 0.9999771974,
        "4": 0.9980777326,
        "5": 0.9977046688,
        "6": 0.9976924532,
        "7": 0.9976801121,
        "8": 0.9976146771,
        "9": 0.9972777701,
        "10": 0.9971500372,
        "11": 0.9966192942,
        "12": 0.9965378218,
        "13": 0.9958684857,
        "14": 0.9912213879,
        "15": 0.6842890051,
        "16": 0.5421761377
    },
    "complexity": {
        "0": 1871.6861623306,
        "1": 1871.6861623306,
        "2": 1789.7145055862,
        "3": 1789.7145055862,
        "4": 3912.2836173467,
        "5": 3007.3249022091,
        "6": 3233.5402553271,
        "7": 3424.0,
        "8": 3184.5472211555,
        "9": 3135.5541869839,
        "10": 2743.6099136109,
        "11": 10979.7150762542,
        "12": 574.1971830986,
        "13": 344.7887323944,
        "14": 1807.006399697,
        "15": 43.2676056338,
        "16": 3.7259843975
    },
    "z-score": {
        "0": 0.0,
        "1": 0.0003724103,
        "2": 0.0178410864,
        "3": 0.0178479284,
        "4": 1.5045843663,
        "5": 1.7965864166,
        "6": 1.8061476789,
        "7": 1.8158072748,
        "8": 1.8670240724,
        "9": 2.1307257249,
        "10": 2.2307040059,
        "11": 2.6461235912,
        "12": 2.709893106,
        "13": 3.2337914898,
        "14": 6.8711369891,
        "15": 247.1112147916,
        "16": 358.3448552748
    },
    "isbest": {
        "0": "",
        "1": "",
        "2": "",
        "3": "*",
        "4": "",
        "5": "",
        "6": "",
        "7": "",
        "8": "",
        "9": "",
        "10": "",
        "11": "",
        "12": "",
        "13": "",
        "14": "",
        "15": "",
        "16": ""
    },
    "good": {
        "0": "+",
        "1": "+",
        "2": "+",
        "3": "+",
        "4": "",
        "5": "",
        "6": "",
        "7": "",
        "8": "",
        "9": "",
        "10": "",
        "11": "",
        "12": "",
        "13": "",
        "14": "",
        "15": "",
        "16": ""
    }
}