{
    "Coefficient": {
        "46_ClusterTE:ClusterID73:n2_f3:node2_ChatRtAsNode2:reciprocal_chat.0": 348107.90625,
        "52_ClusterTE:ClusterID41:n2_f9:reciprocal_chat.0": 231469.0,
        "53_ClusterDist3:node2_ChatRtAsNode2:reciprocal_chat.0": 185112.046875,
        "29_node1_ChatRtAsNode1": 138318.359375,
        "6_n1_f12": 44262.28125,
        "33_node1_contactsAsNode1": 37145.27734375,
        "54_TruncSVD:n2_f3:node2_ChatRtAsNode2:reciprocal_chat.1": 34328.56640625,
        "15_n1_f9": 33999.67578125,
        "9_n1_f3": 31527.736328125,
        "48_NumToCatWoE:n1_f13:node1_chatsAsNode1.0": 21138.9296875,
        "40_node2_contactsAsNode2": 17751.71875,
        "2_ml_sub_f9": 16077.845703125,
        "1_ml_sub_f13": 15658.671875,
        "43_sameNode": 15133.7470703125,
        "36_node2_ChatRtAsNode2": 14400.1845703125,
        "35_node2_ChatRtAsNode1": 13051.6953125,
        "30_node1_ChatRtAsNode2": 11704.669921875,
        "19_n2_f12": 11212.275390625,
        "20_n2_f13": 10414.8193359375,
        "12_n1_f6": 10035.03515625,
        "47_NumToCatWoE:n2_f3:node2_ChatRtAsNode1:node2_ChatRtAsNode2:reciprocal_chat.0": 8207.052734375,
        "39_node2_contactsAsNode1": 7726.501953125,
        "53_ClusterDist3:node2_ChatRtAsNode2:reciprocal_chat.2": 7399.6767578125,
        "41_reciprocal_chat": 6853.3872070312,
        "54_TruncSVD:n2_f3:node2_ChatRtAsNode2:reciprocal_chat.0": 6268.5034179688,
        "51_ClusterDist9:n1_f13:node1_chatsAsNode1.5": 5258.9951171875,
        "37_node2_chatsAsNode1": 4934.2094726562,
        "32_node1_chatsAsNode2": 4817.4052734375,
        "53_ClusterDist3:node2_ChatRtAsNode2:reciprocal_chat.1": 4748.0541992188,
        "34_node1_contactsAsNode2": 4712.0747070312,
        "51_ClusterDist9:n1_f13:node1_chatsAsNode1.4": 4268.265625,
        "0_ml_sub_f11": 4117.5727539062,
        "50_InteractionAdd:n2_f3:reciprocal_chat": 3907.3588867188,
        "17_n2_f10": 3730.8425292969,
        "38_node2_chatsAsNode2": 3632.1162109375,
        "51_ClusterDist9:n1_f13:node1_chatsAsNode1.0": 3526.9291992188,
        "3_n1_f1": 3451.0048828125,
        "49_NumToCatTE:n2_f9:reciprocal_chat.0": 3198.8806152344,
        "51_ClusterDist9:n1_f13:node1_chatsAsNode1.2": 3110.07421875,
        "18_n2_f11": 3089.3586425781,
        "4_n1_f10": 3032.6591796875,
        "45_InteractionMul:n1_f13:node1_chatsAsNode1": 2907.806640625,
        "5_n1_f11": 2837.8139648438,
        "42_reciprocal_within_test": 2743.3349609375,
        "44_NumToCatTE:n2_f9:reciprocal_chat.0": 2732.2849121094,
        "16_n2_f1": 2690.9338378906,
        "51_ClusterDist9:n1_f13:node1_chatsAsNode1.1": 2532.5183105469,
        "51_ClusterDist9:n1_f13:node1_chatsAsNode1.6": 2339.2619628906,
        "51_ClusterDist9:n1_f13:node1_chatsAsNode1.7": 2289.6166992188,
        "23_n2_f4": 2236.1850585938,
        "8_n1_f2": 2193.2563476562,
        "22_n2_f3": 2025.9655761719,
        "51_ClusterDist9:n1_f13:node1_chatsAsNode1.3": 1882.8790283203,
        "11_n1_f5": 1834.97265625,
        "21_n2_f2": 1810.8032226562,
        "51_ClusterDist9:n1_f13:node1_chatsAsNode1.8": 1557.287109375,
        "25_n2_f6": 950.4069824219,
        "28_n2_f9": 903.4328613281
    },
    "Description": {
        "46_ClusterTE:ClusterID73:n2_f3:node2_ChatRtAsNode2:reciprocal_chat.0": "Out-of-fold mean of the response grouped by: ['ClusterID73:n2_f3:node2_ChatRtAsNode2:reciprocal_chat'] using 5 folds [internal:(10, 3, 20)] (Clustered into 73 clusters) [internal:(73, True, 10, 3, 20)]",
        "52_ClusterTE:ClusterID41:n2_f9:reciprocal_chat.0": "Out-of-fold mean of the response grouped by: ['ClusterID41:n2_f9:reciprocal_chat'] using 5 folds [internal:(20, 5, 10)] (Clustered into 41 clusters) [internal:(41, True, 20, 5, 10)]",
        "53_ClusterDist3:node2_ChatRtAsNode2:reciprocal_chat.0": "Distances to cluster center after segmenting columns ['node2_ChatRtAsNode2', 'reciprocal_chat'] into 3 clusters. Distance to cluster #0 [internal:False]",
        "29_node1_ChatRtAsNode1": "node1_ChatRtAsNode1 (original)",
        "6_n1_f12": "n1_f12 (original)",
        "33_node1_contactsAsNode1": "node1_contactsAsNode1 (original)",
        "54_TruncSVD:n2_f3:node2_ChatRtAsNode2:reciprocal_chat.1": "Component #2 of truncated SVD of ['n2_f3', 'node2_ChatRtAsNode2', 'reciprocal_chat'] into 2 components",
        "15_n1_f9": "n1_f9 (original)",
        "9_n1_f3": "n1_f3 (original)",
        "48_NumToCatWoE:n1_f13:node1_chatsAsNode1.0": "Weight of Evidence for columns ['n1_f13', 'node1_chatsAsNode1'] column #0 (numeric columns are bucketed into 250 equally populated bins)",
        "40_node2_contactsAsNode2": "node2_contactsAsNode2 (original)",
        "2_ml_sub_f9": "ml_sub_f9 (original)",
        "1_ml_sub_f13": "ml_sub_f13 (original)",
        "43_sameNode": "sameNode (original)",
        "36_node2_ChatRtAsNode2": "node2_ChatRtAsNode2 (original)",
        "35_node2_ChatRtAsNode1": "node2_ChatRtAsNode1 (original)",
        "30_node1_ChatRtAsNode2": "node1_ChatRtAsNode2 (original)",
        "19_n2_f12": "n2_f12 (original)",
        "20_n2_f13": "n2_f13 (original)",
        "12_n1_f6": "n1_f6 (original)",
        "47_NumToCatWoE:n2_f3:node2_ChatRtAsNode1:node2_ChatRtAsNode2:reciprocal_chat.0": "Weight of Evidence for columns ['n2_f3', 'node2_ChatRtAsNode1', 'node2_ChatRtAsNode2', 'reciprocal_chat'] column #0 (numeric columns are bucketed into 250 equally populated bins)",
        "39_node2_contactsAsNode1": "node2_contactsAsNode1 (original)",
        "53_ClusterDist3:node2_ChatRtAsNode2:reciprocal_chat.2": "Distances to cluster center after segmenting columns ['node2_ChatRtAsNode2', 'reciprocal_chat'] into 3 clusters. Distance to cluster #2 [internal:False]",
        "41_reciprocal_chat": "reciprocal_chat (original)",
        "54_TruncSVD:n2_f3:node2_ChatRtAsNode2:reciprocal_chat.0": "Component #1 of truncated SVD of ['n2_f3', 'node2_ChatRtAsNode2', 'reciprocal_chat'] into 2 components",
        "51_ClusterDist9:n1_f13:node1_chatsAsNode1.5": "Distances to cluster center after segmenting columns ['n1_f13', 'node1_chatsAsNode1'] into 9 clusters. Distance to cluster #5 [internal:False]",
        "37_node2_chatsAsNode1": "node2_chatsAsNode1 (original)",
        "32_node1_chatsAsNode2": "node1_chatsAsNode2 (original)",
        "53_ClusterDist3:node2_ChatRtAsNode2:reciprocal_chat.1": "Distances to cluster center after segmenting columns ['node2_ChatRtAsNode2', 'reciprocal_chat'] into 3 clusters. Distance to cluster #1 [internal:False]",
        "34_node1_contactsAsNode2": "node1_contactsAsNode2 (original)",
        "51_ClusterDist9:n1_f13:node1_chatsAsNode1.4": "Distances to cluster center after segmenting columns ['n1_f13', 'node1_chatsAsNode1'] into 9 clusters. Distance to cluster #4 [internal:False]",
        "0_ml_sub_f11": "ml_sub_f11 (original)",
        "50_InteractionAdd:n2_f3:reciprocal_chat": "[n2_f3] + [reciprocal_chat]",
        "17_n2_f10": "n2_f10 (original)",
        "38_node2_chatsAsNode2": "node2_chatsAsNode2 (original)",
        "51_ClusterDist9:n1_f13:node1_chatsAsNode1.0": "Distances to cluster center after segmenting columns ['n1_f13', 'node1_chatsAsNode1'] into 9 clusters. Distance to cluster #0 [internal:False]",
        "3_n1_f1": "n1_f1 (original)",
        "49_NumToCatTE:n2_f9:reciprocal_chat.0": "Out-of-fold mean of the response grouped by: ['n2_f9', 'reciprocal_chat'] using 5 folds [internal:(20, 1, 10)] (numeric columns are bucketed into 250 equally populated bins) [internal:(20, 1, 10)]",
        "51_ClusterDist9:n1_f13:node1_chatsAsNode1.2": "Distances to cluster center after segmenting columns ['n1_f13', 'node1_chatsAsNode1'] into 9 clusters. Distance to cluster #2 [internal:False]",
        "18_n2_f11": "n2_f11 (original)",
        "4_n1_f10": "n1_f10 (original)",
        "45_InteractionMul:n1_f13:node1_chatsAsNode1": "[n1_f13] * [node1_chatsAsNode1]",
        "5_n1_f11": "n1_f11 (original)",
        "42_reciprocal_within_test": "reciprocal_within_test (original)",
        "44_NumToCatTE:n2_f9:reciprocal_chat.0": "Out-of-fold mean of the response grouped by: ['n2_f9', 'reciprocal_chat'] using 5 folds [internal:(10, 3, 100)] (numeric columns are bucketed into 100 equally populated bins) [internal:(10, 3, 100)]",
        "16_n2_f1": "n2_f1 (original)",
        "51_ClusterDist9:n1_f13:node1_chatsAsNode1.1": "Distances to cluster center after segmenting columns ['n1_f13', 'node1_chatsAsNode1'] into 9 clusters. Distance to cluster #1 [internal:False]",
        "51_ClusterDist9:n1_f13:node1_chatsAsNode1.6": "Distances to cluster center after segmenting columns ['n1_f13', 'node1_chatsAsNode1'] into 9 clusters. Distance to cluster #6 [internal:False]",
        "51_ClusterDist9:n1_f13:node1_chatsAsNode1.7": "Distances to cluster center after segmenting columns ['n1_f13', 'node1_chatsAsNode1'] into 9 clusters. Distance to cluster #7 [internal:False]",
        "23_n2_f4": "n2_f4 (original)",
        "8_n1_f2": "n1_f2 (original)",
        "22_n2_f3": "n2_f3 (original)",
        "51_ClusterDist9:n1_f13:node1_chatsAsNode1.3": "Distances to cluster center after segmenting columns ['n1_f13', 'node1_chatsAsNode1'] into 9 clusters. Distance to cluster #3 [internal:False]",
        "11_n1_f5": "n1_f5 (original)",
        "21_n2_f2": "n2_f2 (original)",
        "51_ClusterDist9:n1_f13:node1_chatsAsNode1.8": "Distances to cluster center after segmenting columns ['n1_f13', 'node1_chatsAsNode1'] into 9 clusters. Distance to cluster #8 [internal:False]",
        "25_n2_f6": "n2_f6 (original)",
        "28_n2_f9": "n2_f9 (original)"
    }
}