{
    "Relative Importance": {
        "reciprocal_chat": 1.0,
        "node2_ChatRtAsNode2": 0.7749982091,
        "n2_f3": 0.6820384526,
        "node1_ChatRtAsNode1": 0.1705793831,
        "n2_f9": 0.1161964444,
        "node1_chatsAsNode1": 0.0538800018,
        "n1_f13": 0.0538800018,
        "n1_f12": 0.0521357924,
        "n1_f3": 0.043915522,
        "node1_contactsAsNode1": 0.0416270736,
        "node2_ChatRtAsNode1": 0.0393613666,
        "n1_f9": 0.0295815844,
        "ml_sub_f9": 0.0202243791,
        "n1_f6": 0.0199937621,
        "ml_sub_f13": 0.0186074801,
        "sameNode": 0.0179855958,
        "node2_contactsAsNode2": 0.0179835759,
        "n2_f12": 0.0155836177,
        "n2_f13": 0.0117617595,
        "node1_ChatRtAsNode2": 0.0096337333,
        "node1_chatsAsNode2": 0.007897715,
        "node2_contactsAsNode1": 0.0072407027,
        "node2_chatsAsNode1": 0.0054451187,
        "node2_chatsAsNode2": 0.0042148404,
        "ml_sub_f11": 0.0041697583,
        "node1_contactsAsNode2": 0.0040602163,
        "n2_f10": 0.0039069941,
        "n1_f10": 0.0037650418,
        "n1_f1": 0.0036696146,
        "n2_f11": 0.0034101126,
        "reciprocal_within_test": 0.0032058051,
        "n2_f1": 0.0031436177,
        "n1_f11": 0.0026118072,
        "n2_f4": 0.0025065419,
        "n1_f2": 0.0019578633,
        "n2_f2": 0.001902863,
        "n2_f6": 0.001474863,
        "n1_f5": 0.0013782821,
        "n2_f8": 0.0,
        "n2_f7": 0.0,
        "n2_f5": 0.0,
        "n1_f8": 0.0,
        "n1_f7": 0.0,
        "n1_f4": 0.0
    }
}