{
    "0": {
        "0": {},
        "1": {
            "Features": [
                0,
                1,
                "0_OHE:ml_sub_f13.0"
            ],
            "Coefficients": [
                0,
                1,
                0.0
            ],
            "Means": [
                0,
                1,
                0.04606233333333333
            ],
            "Scales": [
                0,
                1,
                0.20962007043873532
            ],
            "Variances": [
                0,
                1,
                0.043940573930740356
            ]
        }
    }
}