{
    "index": {
        "0": 0,
        "1": 1
    },
    "Type": {
        "0": "LightGBMModel",
        "1": "GLMModel"
    },
    "Split Type": {
        "0": "External",
        "1": "External"
    },
    "Model Weight": {
        "0": 0.1428571429,
        "1": 0.8571428571
    },
    "booster": {
        "0": "lightgbm",
        "1": "gblinear"
    },
    "max_depth": {
        "0": 6,
        "1": ""
    },
    "max_leaves": {
        "0": 64,
        "1": ""
    },
    "subsample": {
        "0": 0.9,
        "1": ""
    },
    "colsample_bytree": {
        "0": 0.8,
        "1": ""
    },
    "tree_method": {
        "0": "gpu_hist",
        "1": ""
    },
    "grow_policy": {
        "0": "depthwise",
        "1": ""
    },
    "random_state": {
        "0": 1234,
        "1": 1234
    },
    "learning rate": {
        "0": 0.04,
        "1": 0.5
    },
    "Target Transformer": {
        "0": "str",
        "1": "str"
    },
    "Fitted features": {
        "0": 58,
        "1": 1
    },
    "Fit iterations ": {
        "0": [
            1800
        ],
        "1": [
            13
        ]
    },
    "Fit tree/step count ": {
        "0": [
            1800
        ],
        "1": [
            12
        ]
    }
}