{
    "index": {
        "0": 0,
        "1": 1
    },
    "fold_id": {
        "0": 0,
        "1": 0
    },
    "model_id": {
        "0": 0,
        "1": 1
    },
    "booster": {
        "0": "lightgbm",
        "1": "gblinear"
    },
    "boosting_type": {
        "0": "gbdt",
        "1": "gbdt"
    },
    "colsample_bytree": {
        "0": 0.8,
        "1": 0.8
    },
    "debug_verbose": {
        "0": 0,
        "1": 0
    },
    "early_stopping_rounds": {
        "0": 100,
        "1": 5
    },
    "early_stopping_threshold": {
        "0": 0.0,
        "1": 0.0001
    },
    "eval_metric": {
        "0": "logloss",
        "1": "logloss"
    },
    "gamma": {
        "0": 0,
        "1": 0
    },
    "gpu_id": {
        "0": 0,
        "1": 0
    },
    "grow_policy": {
        "0": "depthwise",
        "1": ""
    },
    "is_unbalance": {
        "0": true,
        "1": true
    },
    "learning_rate": {
        "0": 0.04,
        "1": 0.5
    },
    "max_bin": {
        "0": 256,
        "1": 256
    },
    "max_delta_step": {
        "0": 10,
        "1": 10
    },
    "max_depth": {
        "0": 6,
        "1": 6
    },
    "max_drop": {
        "0": 100,
        "1": 100
    },
    "max_leaves": {
        "0": 64,
        "1": 0
    },
    "min_child_samples": {
        "0": 10,
        "1": 10
    },
    "min_child_weight": {
        "0": 1,
        "1": 1
    },
    "min_data_in_bin": {
        "0": 10,
        "1": 10
    },
    "model_origin": {
        "0": "BRAIN_1",
        "1": "GLM_OHE"
    },
    "monotonicity_constraints": {
        "0": false,
        "1": false
    },
    "n_estimators": {
        "0": 1800,
        "1": 600
    },
    "n_gpus": {
        "0": 1,
        "1": 1
    },
    "n_jobs": {
        "0": 10,
        "1": 10
    },
    "num_classes": {
        "0": 2,
        "1": 2
    },
    "objective": {
        "0": "xentropy",
        "1": "binary:logistic"
    },
    "random_state": {
        "0": 1234,
        "1": 1234
    },
    "rate_drop": {
        "0": 0.1,
        "1": 0.1
    },
    "reg_alpha": {
        "0": 1.0,
        "1": 1.0
    },
    "reg_lambda": {
        "0": 10.0,
        "1": 0.0
    },
    "scale_pos_weight": {
        "0": 1.0,
        "1": 1.0
    },
    "score_f_name": {
        "0": "AUC",
        "1": "AUC"
    },
    "silent": {
        "0": true,
        "1": true
    },
    "skip_drop": {
        "0": 0.6,
        "1": 0.6
    },
    "subsample": {
        "0": 0.9,
        "1": 0.9
    },
    "subsample_freq": {
        "0": 1,
        "1": 1
    },
    "tolerance": {
        "0": "",
        "1": 0.01
    },
    "tree_method": {
        "0": "gpu_hist",
        "1": "auto"
    },
    "updater": {
        "0": "",
        "1": "gpu_coord_descent"
    }
}