{
    "Coefficient": {
        "46_ClusterTE:ClusterID73:n2_f3:node2_ChatRtAsNode2:reciprocal_chat.0": 3717096.5,
        "29_node1_ChatRtAsNode1": 1019133.5,
        "41_reciprocal_chat": 733531.25,
        "52_ClusterTE:ClusterID41:n2_f9:reciprocal_chat.0": 656801.0625,
        "6_n1_f12": 311487.40625,
        "53_ClusterDist3:node2_ChatRtAsNode2:reciprocal_chat.2": 287602.15625,
        "9_n1_f3": 262375.0625,
        "33_node1_contactsAsNode1": 248702.640625,
        "53_ClusterDist3:node2_ChatRtAsNode2:reciprocal_chat.0": 191132.484375,
        "15_n1_f9": 176736.375,
        "47_NumToCatWoE:n2_f3:node2_ChatRtAsNode1:node2_ChatRtAsNode2:reciprocal_chat.0": 147446.453125,
        "48_NumToCatWoE:n1_f13:node1_chatsAsNode1.0": 134302.4375,
        "2_ml_sub_f9": 120831.3671875,
        "12_n1_f6": 119453.546875,
        "54_TruncSVD:n2_f3:node2_ChatRtAsNode2:reciprocal_chat.1": 116781.8125,
        "1_ml_sub_f13": 111170.1484375,
        "36_node2_ChatRtAsNode2": 110699.6484375,
        "43_sameNode": 107455.671875,
        "40_node2_contactsAsNode2": 107443.6015625,
        "19_n2_f12": 93104.953125,
        "35_node2_ChatRtAsNode1": 87719.6328125,
        "20_n2_f13": 70271.109375,
        "30_node1_ChatRtAsNode2": 57557.12890625,
        "32_node1_chatsAsNode2": 47185.21875,
        "45_InteractionMul:n1_f13:node1_chatsAsNode1": 44254.83984375,
        "39_node2_contactsAsNode1": 43259.87109375,
        "54_TruncSVD:n2_f3:node2_ChatRtAsNode2:reciprocal_chat.0": 40679.71484375,
        "50_InteractionAdd:n2_f3:reciprocal_chat": 35762.765625,
        "37_node2_chatsAsNode1": 32532.083984375,
        "51_ClusterDist9:n1_f13:node1_chatsAsNode1.6": 32091.28125,
        "38_node2_chatsAsNode2": 25181.734375,
        "0_ml_sub_f11": 24912.390625,
        "34_node1_contactsAsNode2": 24257.927734375,
        "17_n2_f10": 23342.494140625,
        "4_n1_f10": 22494.39453125,
        "3_n1_f1": 21924.26171875,
        "18_n2_f11": 20373.85546875,
        "42_reciprocal_within_test": 19153.212890625,
        "53_ClusterDist3:node2_ChatRtAsNode2:reciprocal_chat.1": 18819.490234375,
        "16_n2_f1": 18781.671875,
        "51_ClusterDist9:n1_f13:node1_chatsAsNode1.4": 18627.068359375,
        "51_ClusterDist9:n1_f13:node1_chatsAsNode1.7": 17243.142578125,
        "22_n2_f3": 17099.177734375,
        "5_n1_f11": 15604.34765625,
        "49_NumToCatTE:n2_f9:reciprocal_chat.0": 15230.638671875,
        "51_ClusterDist9:n1_f13:node1_chatsAsNode1.2": 15139.8447265625,
        "23_n2_f4": 14975.4365234375,
        "51_ClusterDist9:n1_f13:node1_chatsAsNode1.5": 14601.98828125,
        "51_ClusterDist9:n1_f13:node1_chatsAsNode1.0": 13711.615234375,
        "44_NumToCatTE:n2_f9:reciprocal_chat.0": 13656.244140625,
        "51_ClusterDist9:n1_f13:node1_chatsAsNode1.8": 12259.1875,
        "8_n1_f2": 11697.333984375,
        "51_ClusterDist9:n1_f13:node1_chatsAsNode1.3": 11460.0302734375,
        "21_n2_f2": 11368.732421875,
        "25_n2_f6": 8811.62890625,
        "28_n2_f9": 8532.4150390625,
        "11_n1_f5": 8234.6025390625,
        "51_ClusterDist9:n1_f13:node1_chatsAsNode1.1": 8216.82421875,
        "0_OHE:ml_sub_f13.0": 1.0
    },
    "Description": {
        "46_ClusterTE:ClusterID73:n2_f3:node2_ChatRtAsNode2:reciprocal_chat.0": "N/A",
        "29_node1_ChatRtAsNode1": "N/A",
        "41_reciprocal_chat": "N/A",
        "52_ClusterTE:ClusterID41:n2_f9:reciprocal_chat.0": "N/A",
        "6_n1_f12": "N/A",
        "53_ClusterDist3:node2_ChatRtAsNode2:reciprocal_chat.2": "N/A",
        "9_n1_f3": "N/A",
        "33_node1_contactsAsNode1": "N/A",
        "53_ClusterDist3:node2_ChatRtAsNode2:reciprocal_chat.0": "N/A",
        "15_n1_f9": "N/A",
        "47_NumToCatWoE:n2_f3:node2_ChatRtAsNode1:node2_ChatRtAsNode2:reciprocal_chat.0": "N/A",
        "48_NumToCatWoE:n1_f13:node1_chatsAsNode1.0": "N/A",
        "2_ml_sub_f9": "N/A",
        "12_n1_f6": "N/A",
        "54_TruncSVD:n2_f3:node2_ChatRtAsNode2:reciprocal_chat.1": "N/A",
        "1_ml_sub_f13": "N/A",
        "36_node2_ChatRtAsNode2": "N/A",
        "43_sameNode": "N/A",
        "40_node2_contactsAsNode2": "N/A",
        "19_n2_f12": "N/A",
        "35_node2_ChatRtAsNode1": "N/A",
        "20_n2_f13": "N/A",
        "30_node1_ChatRtAsNode2": "N/A",
        "32_node1_chatsAsNode2": "N/A",
        "45_InteractionMul:n1_f13:node1_chatsAsNode1": "N/A",
        "39_node2_contactsAsNode1": "N/A",
        "54_TruncSVD:n2_f3:node2_ChatRtAsNode2:reciprocal_chat.0": "N/A",
        "50_InteractionAdd:n2_f3:reciprocal_chat": "N/A",
        "37_node2_chatsAsNode1": "N/A",
        "51_ClusterDist9:n1_f13:node1_chatsAsNode1.6": "N/A",
        "38_node2_chatsAsNode2": "N/A",
        "0_ml_sub_f11": "N/A",
        "34_node1_contactsAsNode2": "N/A",
        "17_n2_f10": "N/A",
        "4_n1_f10": "N/A",
        "3_n1_f1": "N/A",
        "18_n2_f11": "N/A",
        "42_reciprocal_within_test": "N/A",
        "53_ClusterDist3:node2_ChatRtAsNode2:reciprocal_chat.1": "N/A",
        "16_n2_f1": "N/A",
        "51_ClusterDist9:n1_f13:node1_chatsAsNode1.4": "N/A",
        "51_ClusterDist9:n1_f13:node1_chatsAsNode1.7": "N/A",
        "22_n2_f3": "N/A",
        "5_n1_f11": "N/A",
        "49_NumToCatTE:n2_f9:reciprocal_chat.0": "N/A",
        "51_ClusterDist9:n1_f13:node1_chatsAsNode1.2": "N/A",
        "23_n2_f4": "N/A",
        "51_ClusterDist9:n1_f13:node1_chatsAsNode1.5": "N/A",
        "51_ClusterDist9:n1_f13:node1_chatsAsNode1.0": "N/A",
        "44_NumToCatTE:n2_f9:reciprocal_chat.0": "N/A",
        "51_ClusterDist9:n1_f13:node1_chatsAsNode1.8": "N/A",
        "8_n1_f2": "N/A",
        "51_ClusterDist9:n1_f13:node1_chatsAsNode1.3": "N/A",
        "21_n2_f2": "N/A",
        "25_n2_f6": "N/A",
        "28_n2_f9": "N/A",
        "11_n1_f5": "N/A",
        "51_ClusterDist9:n1_f13:node1_chatsAsNode1.1": "N/A",
        "0_OHE:ml_sub_f13.0": "N/A"
    }
}