{
    "Optimized": {
        "GINI": "",
        "MCC": "",
        "F05": "",
        "F1": "",
        "F2": "",
        "ACCURACY": "",
        "LOGLOSS": "",
        "AUCPR": "",
        "AUC": "*"
    },
    "Better score is": {
        "GINI": "higher",
        "MCC": "higher",
        "F05": "higher",
        "F1": "higher",
        "F2": "higher",
        "ACCURACY": "higher",
        "LOGLOSS": "lower",
        "AUCPR": "higher",
        "AUC": "higher"
    },
    "Final ensemble scores on validation (internal or external holdout(s)) data": {
        "GINI": "0.85403",
        "MCC": "0.54609",
        "F05": "0.64974",
        "F1": "0.5492",
        "F2": "0.56776",
        "ACCURACY": "0.97689",
        "LOGLOSS": "0.1158",
        "AUCPR": "0.57274",
        "AUC": "0.92702"
    },
    "Final ensemble standard deviation on validation (internal or external holdout(s)) data": {
        "GINI": "0.001652",
        "MCC": "0.0029135",
        "F05": "0.0029327",
        "F1": "0.002619",
        "F2": "0.0024341",
        "ACCURACY": "9.0451e-05",
        "LOGLOSS": "0.00033719",
        "AUCPR": "0.0035642",
        "AUC": "0.0008259"
    },
    "Final test scores": {
        "GINI": "0.84991",
        "MCC": "0.53984",
        "F05": "0.64774",
        "F1": "0.54324",
        "F2": "0.5592",
        "ACCURACY": "0.97684",
        "LOGLOSS": "0.11592",
        "AUCPR": "0.5661",
        "AUC": "0.92495"
    },
    "Final test standard deviation": {
        "GINI": "0.0020407",
        "MCC": "0.0030897",
        "F05": "0.0027337",
        "F1": "0.0033198",
        "F2": "0.0027872",
        "ACCURACY": "0.00012176",
        "LOGLOSS": "0.00044292",
        "AUCPR": "0.0031477",
        "AUC": "0.0010203"
    }
}