{
    "Relative Importance": {
        "46_ClusterTE:ClusterID73:n2_f3:node2_ChatRtAsNode2:reciprocal_chat.0": 1.0,
        "29_node1_ChatRtAsNode1": 0.2741746008,
        "41_reciprocal_chat": 0.1973398477,
        "52_ClusterTE:ClusterID41:n2_f9:reciprocal_chat.0": 0.1766973436,
        "6_n1_f12": 0.0837985799,
        "53_ClusterDist3:node2_ChatRtAsNode2:reciprocal_chat.2": 0.0773727968,
        "9_n1_f3": 0.0705860257,
        "33_node1_contactsAsNode1": 0.0669077709,
        "53_ClusterDist3:node2_ChatRtAsNode2:reciprocal_chat.0": 0.0514198355,
        "15_n1_f9": 0.0475468896,
        "47_NumToCatWoE:n2_f3:node2_ChatRtAsNode1:node2_ChatRtAsNode2:reciprocal_chat.0": 0.0396671034,
        "48_NumToCatWoE:n1_f13:node1_chatsAsNode1.0": 0.0361310057,
        "2_ml_sub_f9": 0.0325069241,
        "12_n1_f6": 0.0321362503,
        "54_TruncSVD:n2_f3:node2_ChatRtAsNode2:reciprocal_chat.1": 0.0314174816,
        "1_ml_sub_f13": 0.0299077909,
        "36_node2_ChatRtAsNode2": 0.0297812149,
        "43_sameNode": 0.0289084967,
        "40_node2_contactsAsNode2": 0.0289052501,
        "19_n2_f12": 0.0250477642,
        "35_node2_ChatRtAsNode1": 0.0235989653,
        "20_n2_f13": 0.0189048387,
        "30_node1_ChatRtAsNode2": 0.0154844327,
        "32_node1_chatsAsNode2": 0.0126941064,
        "45_InteractionMul:n1_f13:node1_chatsAsNode1": 0.0119057549,
        "39_node2_contactsAsNode1": 0.0116380816,
        "54_TruncSVD:n2_f3:node2_ChatRtAsNode2:reciprocal_chat.0": 0.0109439492,
        "50_InteractionAdd:n2_f3:reciprocal_chat": 0.0096211564,
        "37_node2_chatsAsNode1": 0.0087520145,
        "51_ClusterDist9:n1_f13:node1_chatsAsNode1.6": 0.0086334273,
        "38_node2_chatsAsNode2": 0.0067745713,
        "0_ml_sub_f11": 0.0067021102,
        "34_node1_contactsAsNode2": 0.0065260418,
        "17_n2_f10": 0.0062797656,
        "4_n1_f10": 0.0060516037,
        "3_n1_f1": 0.0058982223,
        "18_n2_f11": 0.0054811211,
        "42_reciprocal_within_test": 0.0051527349,
        "53_ClusterDist3:node2_ChatRtAsNode2:reciprocal_chat.1": 0.0050629545,
        "16_n2_f1": 0.0050527803,
        "51_ClusterDist9:n1_f13:node1_chatsAsNode1.4": 0.0050111879,
        "51_ClusterDist9:n1_f13:node1_chatsAsNode1.7": 0.004638874,
        "22_n2_f3": 0.0046001435,
        "5_n1_f11": 0.0041979938,
        "49_NumToCatTE:n2_f9:reciprocal_chat.0": 0.0040974556,
        "51_ClusterDist9:n1_f13:node1_chatsAsNode1.2": 0.0040730298,
        "23_n2_f4": 0.0040287995,
        "51_ClusterDist9:n1_f13:node1_chatsAsNode1.5": 0.0039283317,
        "51_ClusterDist9:n1_f13:node1_chatsAsNode1.0": 0.0036887971,
        "44_NumToCatTE:n2_f9:reciprocal_chat.0": 0.0036739009,
        "51_ClusterDist9:n1_f13:node1_chatsAsNode1.8": 0.0032980547,
        "8_n1_f2": 0.0031469008,
        "51_ClusterDist9:n1_f13:node1_chatsAsNode1.3": 0.0030830596,
        "21_n2_f2": 0.003058498,
        "25_n2_f6": 0.0023705678,
        "28_n2_f9": 0.0022954515,
        "11_n1_f5": 0.0022153319,
        "51_ClusterDist9:n1_f13:node1_chatsAsNode1.1": 0.0022105491,
        "0_OHE:ml_sub_f13.0": 2.69e-07
    },
    "Description": {
        "46_ClusterTE:ClusterID73:n2_f3:node2_ChatRtAsNode2:reciprocal_chat.0": "N/A",
        "29_node1_ChatRtAsNode1": "N/A",
        "41_reciprocal_chat": "N/A",
        "52_ClusterTE:ClusterID41:n2_f9:reciprocal_chat.0": "N/A",
        "6_n1_f12": "N/A",
        "53_ClusterDist3:node2_ChatRtAsNode2:reciprocal_chat.2": "N/A",
        "9_n1_f3": "N/A",
        "33_node1_contactsAsNode1": "N/A",
        "53_ClusterDist3:node2_ChatRtAsNode2:reciprocal_chat.0": "N/A",
        "15_n1_f9": "N/A",
        "47_NumToCatWoE:n2_f3:node2_ChatRtAsNode1:node2_ChatRtAsNode2:reciprocal_chat.0": "N/A",
        "48_NumToCatWoE:n1_f13:node1_chatsAsNode1.0": "N/A",
        "2_ml_sub_f9": "N/A",
        "12_n1_f6": "N/A",
        "54_TruncSVD:n2_f3:node2_ChatRtAsNode2:reciprocal_chat.1": "N/A",
        "1_ml_sub_f13": "N/A",
        "36_node2_ChatRtAsNode2": "N/A",
        "43_sameNode": "N/A",
        "40_node2_contactsAsNode2": "N/A",
        "19_n2_f12": "N/A",
        "35_node2_ChatRtAsNode1": "N/A",
        "20_n2_f13": "N/A",
        "30_node1_ChatRtAsNode2": "N/A",
        "32_node1_chatsAsNode2": "N/A",
        "45_InteractionMul:n1_f13:node1_chatsAsNode1": "N/A",
        "39_node2_contactsAsNode1": "N/A",
        "54_TruncSVD:n2_f3:node2_ChatRtAsNode2:reciprocal_chat.0": "N/A",
        "50_InteractionAdd:n2_f3:reciprocal_chat": "N/A",
        "37_node2_chatsAsNode1": "N/A",
        "51_ClusterDist9:n1_f13:node1_chatsAsNode1.6": "N/A",
        "38_node2_chatsAsNode2": "N/A",
        "0_ml_sub_f11": "N/A",
        "34_node1_contactsAsNode2": "N/A",
        "17_n2_f10": "N/A",
        "4_n1_f10": "N/A",
        "3_n1_f1": "N/A",
        "18_n2_f11": "N/A",
        "42_reciprocal_within_test": "N/A",
        "53_ClusterDist3:node2_ChatRtAsNode2:reciprocal_chat.1": "N/A",
        "16_n2_f1": "N/A",
        "51_ClusterDist9:n1_f13:node1_chatsAsNode1.4": "N/A",
        "51_ClusterDist9:n1_f13:node1_chatsAsNode1.7": "N/A",
        "22_n2_f3": "N/A",
        "5_n1_f11": "N/A",
        "49_NumToCatTE:n2_f9:reciprocal_chat.0": "N/A",
        "51_ClusterDist9:n1_f13:node1_chatsAsNode1.2": "N/A",
        "23_n2_f4": "N/A",
        "51_ClusterDist9:n1_f13:node1_chatsAsNode1.5": "N/A",
        "51_ClusterDist9:n1_f13:node1_chatsAsNode1.0": "N/A",
        "44_NumToCatTE:n2_f9:reciprocal_chat.0": "N/A",
        "51_ClusterDist9:n1_f13:node1_chatsAsNode1.8": "N/A",
        "8_n1_f2": "N/A",
        "51_ClusterDist9:n1_f13:node1_chatsAsNode1.3": "N/A",
        "21_n2_f2": "N/A",
        "25_n2_f6": "N/A",
        "28_n2_f9": "N/A",
        "11_n1_f5": "N/A",
        "51_ClusterDist9:n1_f13:node1_chatsAsNode1.1": "N/A",
        "0_OHE:ml_sub_f13.0": "N/A"
    }
}