{
    "Relative Importance": {
        "reciprocal_chat": 1.0,
        "node2_ChatRtAsNode2": 0.7224840926,
        "n2_f3": 0.4782496757,
        "n2_f9": 0.2829091099,
        "node1_ChatRtAsNode1": 0.1642086943,
        "node1_chatsAsNode1": 0.0603236262,
        "n1_f13": 0.0603236262,
        "n1_f12": 0.0525472674,
        "node1_contactsAsNode1": 0.0440981058,
        "n1_f9": 0.0403637108,
        "n1_f3": 0.0374290779,
        "node2_ChatRtAsNode1": 0.0252379467,
        "node2_contactsAsNode2": 0.0210744732,
        "ml_sub_f9": 0.0190872856,
        "ml_sub_f13": 0.0185896516,
        "sameNode": 0.0179664714,
        "node1_ChatRtAsNode2": 0.0138955426,
        "n2_f12": 0.0133109817,
        "n2_f13": 0.0123642584,
        "n1_f6": 0.0119133863,
        "node2_contactsAsNode1": 0.0091727436,
        "node2_chatsAsNode1": 0.0058577913,
        "node1_chatsAsNode2": 0.005719124,
        "node1_contactsAsNode2": 0.0055940777,
        "ml_sub_f11": 0.0048882971,
        "n2_f10": 0.0044291792,
        "node2_chatsAsNode2": 0.0043119734,
        "n1_f1": 0.0040969616,
        "n2_f11": 0.0036676226,
        "n1_f10": 0.0036003102,
        "n1_f11": 0.0033689943,
        "reciprocal_within_test": 0.0032568305,
        "n2_f1": 0.003194621,
        "n2_f4": 0.0026547527,
        "n1_f2": 0.0026037886,
        "n1_f5": 0.0021784416,
        "n2_f2": 0.0021497481,
        "n2_f6": 0.0011283035,
        "n2_f8": 0.0,
        "n2_f7": 0.0,
        "n2_f5": 0.0,
        "n1_f8": 0.0,
        "n1_f7": 0.0,
        "n1_f4": 0.0
    }
}