{
    "Relative Importance": {
        "46_ClusterTE:ClusterID73:n2_f3:node2_ChatRtAsNode2:reciprocal_chat.0": 1.0,
        "52_ClusterTE:ClusterID41:n2_f9:reciprocal_chat.0": 0.6649346352,
        "53_ClusterDist3:node2_ChatRtAsNode2:reciprocal_chat.0": 0.5317662954,
        "29_node1_ChatRtAsNode1": 0.3973433375,
        "6_n1_f12": 0.1271510422,
        "33_node1_contactsAsNode1": 0.1067062169,
        "54_TruncSVD:n2_f3:node2_ChatRtAsNode2:reciprocal_chat.1": 0.0986147299,
        "15_n1_f9": 0.0976699293,
        "9_n1_f3": 0.0905688629,
        "48_NumToCatWoE:n1_f13:node1_chatsAsNode1.0": 0.0607252233,
        "40_node2_contactsAsNode2": 0.050994873,
        "2_ml_sub_f9": 0.0461863838,
        "1_ml_sub_f13": 0.0449822359,
        "43_sameNode": 0.043474298,
        "36_node2_ChatRtAsNode2": 0.041367013,
        "35_node2_ChatRtAsNode1": 0.0374932475,
        "30_node1_ChatRtAsNode2": 0.0336236842,
        "19_n2_f12": 0.0322091952,
        "20_n2_f13": 0.0299183652,
        "12_n1_f6": 0.0288273692,
        "47_NumToCatWoE:n2_f3:node2_ChatRtAsNode1:node2_ChatRtAsNode2:reciprocal_chat.0": 0.0235761739,
        "39_node2_contactsAsNode1": 0.0221957099,
        "53_ClusterDist3:node2_ChatRtAsNode2:reciprocal_chat.2": 0.0212568473,
        "41_reciprocal_chat": 0.0196875371,
        "54_TruncSVD:n2_f3:node2_ChatRtAsNode2:reciprocal_chat.0": 0.0180073567,
        "51_ClusterDist9:n1_f13:node1_chatsAsNode1.5": 0.0151073709,
        "37_node2_chatsAsNode1": 0.0141743673,
        "32_node1_chatsAsNode2": 0.0138388276,
        "53_ClusterDist3:node2_ChatRtAsNode2:reciprocal_chat.1": 0.0136396047,
        "34_node1_contactsAsNode2": 0.0135362474,
        "51_ClusterDist9:n1_f13:node1_chatsAsNode1.4": 0.0122613292,
        "0_ml_sub_f11": 0.0118284374,
        "50_InteractionAdd:n2_f3:reciprocal_chat": 0.0112245623,
        "17_n2_f10": 0.0107174888,
        "38_node2_chatsAsNode2": 0.0104338806,
        "51_ClusterDist9:n1_f13:node1_chatsAsNode1.0": 0.0101317121,
        "3_n1_f1": 0.0099136066,
        "49_NumToCatTE:n2_f9:reciprocal_chat.0": 0.0091893366,
        "51_ClusterDist9:n1_f13:node1_chatsAsNode1.2": 0.008934225,
        "18_n2_f11": 0.0088747153,
        "4_n1_f10": 0.0087118363,
        "45_InteractionMul:n1_f13:node1_chatsAsNode1": 0.0083531765,
        "5_n1_f11": 0.0081521105,
        "42_reciprocal_within_test": 0.0078807026,
        "44_NumToCatTE:n2_f9:reciprocal_chat.0": 0.0078489594,
        "16_n2_f1": 0.0077301716,
        "51_ClusterDist9:n1_f13:node1_chatsAsNode1.1": 0.0072750957,
        "51_ClusterDist9:n1_f13:node1_chatsAsNode1.6": 0.0067199334,
        "51_ClusterDist9:n1_f13:node1_chatsAsNode1.7": 0.006577319,
        "23_n2_f4": 0.0064238273,
        "8_n1_f2": 0.0063005071,
        "22_n2_f3": 0.0058199354,
        "51_ClusterDist9:n1_f13:node1_chatsAsNode1.3": 0.0054088947,
        "11_n1_f5": 0.0052712755,
        "21_n2_f2": 0.0052018445,
        "51_ClusterDist9:n1_f13:node1_chatsAsNode1.8": 0.0044735759,
        "25_n2_f6": 0.002730208,
        "28_n2_f9": 0.0025952668
    },
    "Description": {
        "46_ClusterTE:ClusterID73:n2_f3:node2_ChatRtAsNode2:reciprocal_chat.0": "Out-of-fold mean of the response grouped by: ['ClusterID73:n2_f3:node2_ChatRtAsNode2:reciprocal_chat'] using 5 folds [internal:(10, 3, 20)] (Clustered into 73 clusters) [internal:(73, True, 10, 3, 20)]",
        "52_ClusterTE:ClusterID41:n2_f9:reciprocal_chat.0": "Out-of-fold mean of the response grouped by: ['ClusterID41:n2_f9:reciprocal_chat'] using 5 folds [internal:(20, 5, 10)] (Clustered into 41 clusters) [internal:(41, True, 20, 5, 10)]",
        "53_ClusterDist3:node2_ChatRtAsNode2:reciprocal_chat.0": "Distances to cluster center after segmenting columns ['node2_ChatRtAsNode2', 'reciprocal_chat'] into 3 clusters. Distance to cluster #0 [internal:False]",
        "29_node1_ChatRtAsNode1": "node1_ChatRtAsNode1 (original)",
        "6_n1_f12": "n1_f12 (original)",
        "33_node1_contactsAsNode1": "node1_contactsAsNode1 (original)",
        "54_TruncSVD:n2_f3:node2_ChatRtAsNode2:reciprocal_chat.1": "Component #2 of truncated SVD of ['n2_f3', 'node2_ChatRtAsNode2', 'reciprocal_chat'] into 2 components",
        "15_n1_f9": "n1_f9 (original)",
        "9_n1_f3": "n1_f3 (original)",
        "48_NumToCatWoE:n1_f13:node1_chatsAsNode1.0": "Weight of Evidence for columns ['n1_f13', 'node1_chatsAsNode1'] column #0 (numeric columns are bucketed into 250 equally populated bins)",
        "40_node2_contactsAsNode2": "node2_contactsAsNode2 (original)",
        "2_ml_sub_f9": "ml_sub_f9 (original)",
        "1_ml_sub_f13": "ml_sub_f13 (original)",
        "43_sameNode": "sameNode (original)",
        "36_node2_ChatRtAsNode2": "node2_ChatRtAsNode2 (original)",
        "35_node2_ChatRtAsNode1": "node2_ChatRtAsNode1 (original)",
        "30_node1_ChatRtAsNode2": "node1_ChatRtAsNode2 (original)",
        "19_n2_f12": "n2_f12 (original)",
        "20_n2_f13": "n2_f13 (original)",
        "12_n1_f6": "n1_f6 (original)",
        "47_NumToCatWoE:n2_f3:node2_ChatRtAsNode1:node2_ChatRtAsNode2:reciprocal_chat.0": "Weight of Evidence for columns ['n2_f3', 'node2_ChatRtAsNode1', 'node2_ChatRtAsNode2', 'reciprocal_chat'] column #0 (numeric columns are bucketed into 250 equally populated bins)",
        "39_node2_contactsAsNode1": "node2_contactsAsNode1 (original)",
        "53_ClusterDist3:node2_ChatRtAsNode2:reciprocal_chat.2": "Distances to cluster center after segmenting columns ['node2_ChatRtAsNode2', 'reciprocal_chat'] into 3 clusters. Distance to cluster #2 [internal:False]",
        "41_reciprocal_chat": "reciprocal_chat (original)",
        "54_TruncSVD:n2_f3:node2_ChatRtAsNode2:reciprocal_chat.0": "Component #1 of truncated SVD of ['n2_f3', 'node2_ChatRtAsNode2', 'reciprocal_chat'] into 2 components",
        "51_ClusterDist9:n1_f13:node1_chatsAsNode1.5": "Distances to cluster center after segmenting columns ['n1_f13', 'node1_chatsAsNode1'] into 9 clusters. Distance to cluster #5 [internal:False]",
        "37_node2_chatsAsNode1": "node2_chatsAsNode1 (original)",
        "32_node1_chatsAsNode2": "node1_chatsAsNode2 (original)",
        "53_ClusterDist3:node2_ChatRtAsNode2:reciprocal_chat.1": "Distances to cluster center after segmenting columns ['node2_ChatRtAsNode2', 'reciprocal_chat'] into 3 clusters. Distance to cluster #1 [internal:False]",
        "34_node1_contactsAsNode2": "node1_contactsAsNode2 (original)",
        "51_ClusterDist9:n1_f13:node1_chatsAsNode1.4": "Distances to cluster center after segmenting columns ['n1_f13', 'node1_chatsAsNode1'] into 9 clusters. Distance to cluster #4 [internal:False]",
        "0_ml_sub_f11": "ml_sub_f11 (original)",
        "50_InteractionAdd:n2_f3:reciprocal_chat": "[n2_f3] + [reciprocal_chat]",
        "17_n2_f10": "n2_f10 (original)",
        "38_node2_chatsAsNode2": "node2_chatsAsNode2 (original)",
        "51_ClusterDist9:n1_f13:node1_chatsAsNode1.0": "Distances to cluster center after segmenting columns ['n1_f13', 'node1_chatsAsNode1'] into 9 clusters. Distance to cluster #0 [internal:False]",
        "3_n1_f1": "n1_f1 (original)",
        "49_NumToCatTE:n2_f9:reciprocal_chat.0": "Out-of-fold mean of the response grouped by: ['n2_f9', 'reciprocal_chat'] using 5 folds [internal:(20, 1, 10)] (numeric columns are bucketed into 250 equally populated bins) [internal:(20, 1, 10)]",
        "51_ClusterDist9:n1_f13:node1_chatsAsNode1.2": "Distances to cluster center after segmenting columns ['n1_f13', 'node1_chatsAsNode1'] into 9 clusters. Distance to cluster #2 [internal:False]",
        "18_n2_f11": "n2_f11 (original)",
        "4_n1_f10": "n1_f10 (original)",
        "45_InteractionMul:n1_f13:node1_chatsAsNode1": "[n1_f13] * [node1_chatsAsNode1]",
        "5_n1_f11": "n1_f11 (original)",
        "42_reciprocal_within_test": "reciprocal_within_test (original)",
        "44_NumToCatTE:n2_f9:reciprocal_chat.0": "Out-of-fold mean of the response grouped by: ['n2_f9', 'reciprocal_chat'] using 5 folds [internal:(10, 3, 100)] (numeric columns are bucketed into 100 equally populated bins) [internal:(10, 3, 100)]",
        "16_n2_f1": "n2_f1 (original)",
        "51_ClusterDist9:n1_f13:node1_chatsAsNode1.1": "Distances to cluster center after segmenting columns ['n1_f13', 'node1_chatsAsNode1'] into 9 clusters. Distance to cluster #1 [internal:False]",
        "51_ClusterDist9:n1_f13:node1_chatsAsNode1.6": "Distances to cluster center after segmenting columns ['n1_f13', 'node1_chatsAsNode1'] into 9 clusters. Distance to cluster #6 [internal:False]",
        "51_ClusterDist9:n1_f13:node1_chatsAsNode1.7": "Distances to cluster center after segmenting columns ['n1_f13', 'node1_chatsAsNode1'] into 9 clusters. Distance to cluster #7 [internal:False]",
        "23_n2_f4": "n2_f4 (original)",
        "8_n1_f2": "n1_f2 (original)",
        "22_n2_f3": "n2_f3 (original)",
        "51_ClusterDist9:n1_f13:node1_chatsAsNode1.3": "Distances to cluster center after segmenting columns ['n1_f13', 'node1_chatsAsNode1'] into 9 clusters. Distance to cluster #3 [internal:False]",
        "11_n1_f5": "n1_f5 (original)",
        "21_n2_f2": "n2_f2 (original)",
        "51_ClusterDist9:n1_f13:node1_chatsAsNode1.8": "Distances to cluster center after segmenting columns ['n1_f13', 'node1_chatsAsNode1'] into 9 clusters. Distance to cluster #8 [internal:False]",
        "25_n2_f6": "n2_f6 (original)",
        "28_n2_f9": "n2_f9 (original)"
    }
}