{"self": {"_identity": [17432], "_config": {"authkey": {}, "semprefix": "/mp"}, "_parent_pid": 113, "_popen": null, "_target": {}, "_args": [{"_maxsize": 2, "_reader": {"_handle": 17, "_readable": true, "_writable": false}, "_writer": {"_handle": 19, "_readable": false, "_writable": true}, "_rlock": {"_semlock": "\"COULDNOTENCODE:<_multiprocessing.SemLock object at 0x7f9b8ca10458>\"", "acquire": "\"COULDNOTENCODE:<built-in method acquire of _multiprocessing.SemLock object at 0x7f9b8ca10458>\"", "release": "\"COULDNOTENCODE:<built-in method release of _multiprocessing.SemLock object at 0x7f9b8ca10458>\""}, "_opid": 113, "_wlock": {"_semlock": "\"COULDNOTENCODE:<_multiprocessing.SemLock object at 0x7f9b8ca10d50>\"", "acquire": "\"COULDNOTENCODE:<built-in method acquire of _multiprocessing.SemLock object at 0x7f9b8ca10d50>\"", "release": "\"COULDNOTENCODE:<built-in method release of _multiprocessing.SemLock object at 0x7f9b8ca10d50>\""}, "_sem": {"_semlock": "\"COULDNOTENCODE:<_multiprocessing.SemLock object at 0x7f9b8ca10a40>\"", "acquire": "\"COULDNOTENCODE:<built-in method acquire of _multiprocessing.SemLock object at 0x7f9b8ca10a40>\"", "release": "\"COULDNOTENCODE:<built-in method release of _multiprocessing.SemLock object at 0x7f9b8ca10a40>\""}, "_ignore_epipe": true, "_notempty": {"_lock": "\"COULDNOTENCODE:<unlocked _thread.lock object at 0x7f9b736e2f30>\"", "acquire": "\"COULDNOTENCODE:<built-in method acquire of _thread.lock object at 0x7f9b736e2f30>\"", "release": "\"COULDNOTENCODE:<built-in method release of _thread.lock object at 0x7f9b736e2f30>\"", "_waiters": "\"COULDNOTENCODE:deque([])\""}, "_buffer": "\"COULDNOTENCODE:deque([])\"", "_thread": null, "_jointhread": null, "_joincancelled": false, "_closed": false, "_close": null, "_send_bytes": {}, "_recv_bytes": {}, "_poll": {}}, {"_reader": {"_handle": 20, "_readable": true, "_writable": false}, "_writer": {"_handle": 21, "_readable": false, "_writable": true}, "_rlock": {"_semlock": "\"COULDNOTENCODE:<_multiprocessing.SemLock object at 0x7f9b8c7ffdf8>\"", "acquire": "\"COULDNOTENCODE:<built-in method acquire of _multiprocessing.SemLock object at 0x7f9b8c7ffdf8>\"", "release": "\"COULDNOTENCODE:<built-in method release of _multiprocessing.SemLock object at 0x7f9b8c7ffdf8>\""}, "_poll": {}, "_wlock": {"_semlock": "\"COULDNOTENCODE:<_multiprocessing.SemLock object at 0x7f9b8c7ffe68>\"", "acquire": "\"COULDNOTENCODE:<built-in method acquire of _multiprocessing.SemLock object at 0x7f9b8c7ffe68>\"", "release": "\"COULDNOTENCODE:<built-in method release of _multiprocessing.SemLock object at 0x7f9b8c7ffe68>\""}}], "_kwargs": {}, "_name": "Process-17432"}, "valid_threshold": 0.06677069514989853, "validation": "external", "AUC": {"valid_score": 0.9270159566279353, "valid_sd": 0.0008258970474969443, "maximize": true}}