{"Data preparation": {"length": 37.843233585357666, "models": 0, "expected_models": 0}, "Model and feature tuning": {"length": 2225.630806684494, "models": 27, "expected_models": 32}, "Feature evolution": {"length": 346.2689073085785, "models": 12, "expected_models": 24}, "Final pipeline training": {"length": 689.8287208080292, "models": 2, "expected_models": 2}, "Python scorer building": {"length": 14.27639627456665, "models": 0, "expected_models": 0}, "Mojo scorer building": {"length": 4.0531158447265625e-06, "models": 0, "expected_models": 0}}