{
    "job order": {
        "0": 4,
        "1": 1,
        "2": 6,
        "3": 8,
        "4": 0,
        "5": 5,
        "6": 21,
        "7": 3,
        "8": 23,
        "9": 16,
        "10": 22,
        "11": 2,
        "12": 7,
        "13": 11,
        "14": 12,
        "15": 19,
        "16": 20,
        "17": 10,
        "18": 24,
        "19": 18,
        "20": 14,
        "21": 17,
        "22": 25,
        "23": 15,
        "24": 13,
        "25": 9
    },
    "job status": {
        "0": "PASSED",
        "1": "PASSED",
        "2": "PASSED",
        "3": "PASSED",
        "4": "PASSED",
        "5": "PASSED",
        "6": "PASSED",
        "7": "PASSED",
        "8": "PASSED",
        "9": "PASSED",
        "10": "PASSED",
        "11": "PASSED",
        "12": "PASSED",
        "13": "PASSED",
        "14": "PASSED",
        "15": "PASSED",
        "16": "PASSED",
        "17": "PASSED",
        "18": "PASSED",
        "19": "PASSED",
        "20": "PASSED",
        "21": "PASSED",
        "22": "PASSED",
        "23": "PASSED",
        "24": "PASSED",
        "25": "PASSED"
    },
    "n_gpus": {
        "0": 1,
        "1": 1,
        "2": 1,
        "3": 1,
        "4": 1,
        "5": 1,
        "6": 1,
        "7": 1,
        "8": 1,
        "9": 1,
        "10": 1,
        "11": 1,
        "12": 1,
        "13": 1,
        "14": 1,
        "15": 1,
        "16": 1,
        "17": 1,
        "18": 1,
        "19": 1,
        "20": 1,
        "21": 1,
        "22": 1,
        "23": 1,
        "24": 1,
        "25": 1
    },
    "gpu_id": {
        "0": 0,
        "1": 0,
        "2": 0,
        "3": 0,
        "4": 0,
        "5": 0,
        "6": 0,
        "7": 0,
        "8": 0,
        "9": 0,
        "10": 0,
        "11": 0,
        "12": 0,
        "13": 0,
        "14": 0,
        "15": 0,
        "16": 0,
        "17": 0,
        "18": 0,
        "19": 0,
        "20": 0,
        "21": 0,
        "22": 0,
        "23": 0,
        "24": 0,
        "25": 0
    },
    "n_estimators": {
        "0": 600,
        "1": 600,
        "2": 600,
        "3": 600,
        "4": 600,
        "5": 600,
        "6": 600,
        "7": 600,
        "8": 600,
        "9": 600,
        "10": 600,
        "11": 600,
        "12": 600,
        "13": 600,
        "14": 600,
        "15": 600,
        "16": 600,
        "17": 600,
        "18": 600,
        "19": 600,
        "20": 600,
        "21": 600,
        "22": 600,
        "23": 600,
        "24": 600,
        "25": 600
    },
    "booster": {
        "0": "lightgbm",
        "1": "lightgbm",
        "2": "lightgbm",
        "3": "lightgbm",
        "4": "lightgbm",
        "5": "lightgbm",
        "6": "lightgbm",
        "7": "lightgbm",
        "8": "lightgbm",
        "9": "lightgbm",
        "10": "lightgbm",
        "11": "lightgbm",
        "12": "lightgbm",
        "13": "lightgbm",
        "14": "lightgbm",
        "15": "lightgbm",
        "16": "lightgbm",
        "17": "lightgbm",
        "18": "lightgbm",
        "19": "lightgbm",
        "20": "lightgbm",
        "21": "lightgbm",
        "22": "lightgbm",
        "23": "lightgbm",
        "24": "lightgbm",
        "25": "gblinear"
    },
    "learning_rate": {
        "0": 0.1,
        "1": 0.1,
        "2": 0.1,
        "3": 0.1,
        "4": 0.1,
        "5": 0.1,
        "6": 0.1,
        "7": 0.1,
        "8": 0.15,
        "9": 0.15,
        "10": 0.15,
        "11": 0.1,
        "12": 0.1,
        "13": 0.15,
        "14": 0.05,
        "15": 0.1,
        "16": 0.15,
        "17": 0.25,
        "18": 0.15,
        "19": 0.25,
        "20": 0.2,
        "21": 0.5,
        "22": 0.5,
        "23": 0.1,
        "24": 0.25,
        "25": 0.1
    },
    "reg_alpha": {
        "0": 1.0,
        "1": 1.0,
        "2": 1.0,
        "3": 1.0,
        "4": 1.0,
        "5": 1.0,
        "6": 5.0,
        "7": 1.0,
        "8": 0.0,
        "9": 0.0,
        "10": 0.0,
        "11": 1.0,
        "12": 1.0,
        "13": 0.0,
        "14": 0.0,
        "15": 1.0,
        "16": 0.0,
        "17": 0.0,
        "18": 0.0,
        "19": 0.0,
        "20": 0.0,
        "21": 0.0,
        "22": 5.0,
        "23": 0.0,
        "24": 0.0,
        "25": 1.0
    },
    "reg_lambda": {
        "0": 0.0,
        "1": 10.0,
        "2": 0.0,
        "3": 0.0,
        "4": 0.0,
        "5": 0.0,
        "6": 0.0,
        "7": 0.0,
        "8": 5.0,
        "9": 2.0,
        "10": 2.0,
        "11": 0.0,
        "12": 0.0,
        "13": 5.0,
        "14": 2.0,
        "15": 0.0,
        "16": 0.5,
        "17": 0.5,
        "18": 0.1,
        "19": 1.0,
        "20": 1.0,
        "21": 1.0,
        "22": 0.0,
        "23": 2.0,
        "24": 1.0,
        "25": 0.0
    },
    "gamma": {
        "0": 0.0,
        "1": 0.0,
        "2": 0.0,
        "3": 0.0,
        "4": 0.0,
        "5": 0.0,
        "6": 0.1,
        "7": 0.0,
        "8": 0.01,
        "9": 0.0,
        "10": 0.01,
        "11": 0.0,
        "12": 0.0,
        "13": 0.0,
        "14": 0.0,
        "15": 0.0,
        "16": 0.001,
        "17": 0.001,
        "18": 0.01,
        "19": 0.1,
        "20": 0.01,
        "21": 0.0,
        "22": 0.1,
        "23": 0.0,
        "24": 10.0,
        "25": 0.0
    },
    "max_depth": {
        "0": 6.0,
        "1": 6.0,
        "2": 6.0,
        "3": 6.0,
        "4": 6.0,
        "5": 10.0,
        "6": 0.0,
        "7": 10.0,
        "8": 6.0,
        "9": 6.0,
        "10": 5.0,
        "11": 10.0,
        "12": 10.0,
        "13": 7.0,
        "14": 4.0,
        "15": 8.0,
        "16": 0.0,
        "17": 0.0,
        "18": 5.0,
        "19": 0.0,
        "20": 8.0,
        "21": 3.0,
        "22": 0.0,
        "23": 0.0,
        "24": 0.0,
        "25": 6.0
    },
    "max_bin": {
        "0": 256,
        "1": 256,
        "2": 256,
        "3": 256,
        "4": 256,
        "5": 256,
        "6": 256,
        "7": 256,
        "8": 256,
        "9": 256,
        "10": 256,
        "11": 256,
        "12": 256,
        "13": 256,
        "14": 256,
        "15": 256,
        "16": 256,
        "17": 256,
        "18": 256,
        "19": 256,
        "20": 256,
        "21": 256,
        "22": 256,
        "23": 256,
        "24": 32,
        "25": 256
    },
    "max_leaves": {
        "0": 0.0,
        "1": 0.0,
        "2": 0.0,
        "3": 0.0,
        "4": 0.0,
        "5": 0.0,
        "6": 128.0,
        "7": 0.0,
        "8": 0.0,
        "9": 0.0,
        "10": 0.0,
        "11": 0.0,
        "12": 0.0,
        "13": 0.0,
        "14": 0.0,
        "15": 0.0,
        "16": 16.0,
        "17": 16.0,
        "18": 0.0,
        "19": 256.0,
        "20": 0.0,
        "21": 0.0,
        "22": 128.0,
        "23": 32.0,
        "24": 1024.0,
        "25": 0.0
    },
    "scale_pos_weight": {
        "0": 1.0,
        "1": 1.0,
        "2": 1.0,
        "3": 1.0,
        "4": 1.0,
        "5": 1.0,
        "6": 1.0,
        "7": 1.0,
        "8": 1.0,
        "9": 1.0,
        "10": 1.0,
        "11": 1.0,
        "12": 1.0,
        "13": 1.0,
        "14": 1.0,
        "15": 1.0,
        "16": 1.0,
        "17": 1.0,
        "18": 1.0,
        "19": 1.0,
        "20": 1.0,
        "21": 1.0,
        "22": 1.0,
        "23": 1.0,
        "24": 1.0,
        "25": 1.0
    },
    "max_delta_step": {
        "0": 10.0,
        "1": 10.0,
        "2": 10.0,
        "3": 10.0,
        "4": 10.0,
        "5": 10.0,
        "6": 0.0,
        "7": 10.0,
        "8": 5.0,
        "9": 5.0,
        "10": 5.0,
        "11": 10.0,
        "12": 10.0,
        "13": 0.0,
        "14": 5.0,
        "15": 10.0,
        "16": 10.0,
        "17": 0.0,
        "18": 10.0,
        "19": 5.0,
        "20": 10.0,
        "21": 10.0,
        "22": 10.0,
        "23": 0.0,
        "24": 5.0,
        "25": 10.0
    },
    "min_child_weight": {
        "0": 1,
        "1": 1,
        "2": 1,
        "3": 1,
        "4": 1,
        "5": 1,
        "6": 1,
        "7": 1,
        "8": 1,
        "9": 1,
        "10": 1,
        "11": 1,
        "12": 1,
        "13": 1,
        "14": 1,
        "15": 1,
        "16": 1,
        "17": 1,
        "18": 1,
        "19": 1,
        "20": 1,
        "21": 1,
        "22": 1,
        "23": 1,
        "24": 1,
        "25": 1
    },
    "subsample": {
        "0": 0.9,
        "1": 0.9,
        "2": 0.9,
        "3": 0.9,
        "4": 0.9,
        "5": 0.9,
        "6": 1.0,
        "7": 0.9,
        "8": 0.9,
        "9": 0.9,
        "10": 0.9,
        "11": 0.9,
        "12": 0.9,
        "13": 0.7,
        "14": 0.4,
        "15": 0.9,
        "16": 0.7,
        "17": 1.0,
        "18": 0.4,
        "19": 1.0,
        "20": 0.5,
        "21": 0.5,
        "22": 0.9,
        "23": 0.4,
        "24": 0.9,
        "25": 0.9
    },
    "colsample_bytree": {
        "0": 0.8,
        "1": 0.8,
        "2": 0.8,
        "3": 0.8,
        "4": 0.8,
        "5": 0.8,
        "6": 0.45,
        "7": 0.8,
        "8": 0.6,
        "9": 0.35,
        "10": 0.5,
        "11": 0.8,
        "12": 0.8,
        "13": 0.5,
        "14": 0.9,
        "15": 0.8,
        "16": 0.8,
        "17": 0.6,
        "18": 0.55,
        "19": 0.4,
        "20": 0.9,
        "21": 0.9,
        "22": 0.2,
        "23": 0.35,
        "24": 0.4,
        "25": 0.8
    },
    "tree_method": {
        "0": "gpu_hist",
        "1": "gpu_hist",
        "2": "gpu_hist",
        "3": "gpu_hist",
        "4": "gpu_hist",
        "5": "gpu_hist",
        "6": "gpu_hist",
        "7": "gpu_hist",
        "8": "gpu_hist",
        "9": "gpu_hist",
        "10": "gpu_hist",
        "11": "gpu_hist",
        "12": "gpu_hist",
        "13": "gpu_hist",
        "14": "gpu_hist",
        "15": "gpu_hist",
        "16": "gpu_hist",
        "17": "gpu_hist",
        "18": "gpu_hist",
        "19": "gpu_hist",
        "20": "gpu_hist",
        "21": "gpu_hist",
        "22": "gpu_hist",
        "23": "gpu_hist",
        "24": "gpu_hist",
        "25": "gpu_hist"
    },
    "grow_policy": {
        "0": "depthwise",
        "1": "depthwise",
        "2": "depthwise",
        "3": "depthwise",
        "4": "depthwise",
        "5": "depthwise",
        "6": "lossguide",
        "7": "depthwise",
        "8": "depthwise",
        "9": "depthwise",
        "10": "depthwise",
        "11": "depthwise",
        "12": "depthwise",
        "13": "depthwise",
        "14": "depthwise",
        "15": "depthwise",
        "16": "lossguide",
        "17": "lossguide",
        "18": "depthwise",
        "19": "lossguide",
        "20": "depthwise",
        "21": "depthwise",
        "22": "lossguide",
        "23": "lossguide",
        "24": "lossguide",
        "25": "depthwise"
    },
    "min_data_in_bin": {
        "0": 10,
        "1": 10,
        "2": 10,
        "3": 10,
        "4": 10,
        "5": 10,
        "6": 1,
        "7": 10,
        "8": 1,
        "9": 5,
        "10": 5,
        "11": 10,
        "12": 10,
        "13": 5,
        "14": 5,
        "15": 10,
        "16": 1,
        "17": 5,
        "18": 3,
        "19": 10,
        "20": 1,
        "21": 5,
        "22": 3,
        "23": 5,
        "24": 5,
        "25": 10
    },
    "min_child_samples": {
        "0": 10,
        "1": 10,
        "2": 10,
        "3": 10,
        "4": 10,
        "5": 10,
        "6": 25,
        "7": 10,
        "8": 1,
        "9": 100,
        "10": 10,
        "11": 10,
        "12": 10,
        "13": 200,
        "14": 10,
        "15": 10,
        "16": 1,
        "17": 5,
        "18": 5,
        "19": 25,
        "20": 50,
        "21": 50,
        "22": 100,
        "23": 1,
        "24": 200,
        "25": 10
    },
    "boosting_type": {
        "0": "gbdt",
        "1": "gbdt",
        "2": "gbdt",
        "3": "gbdt",
        "4": "gbdt",
        "5": "gbdt",
        "6": "rf",
        "7": "gbdt",
        "8": "gbdt",
        "9": "gbdt",
        "10": "dart",
        "11": "gbdt",
        "12": "gbdt",
        "13": "dart",
        "14": "dart",
        "15": "gbdt",
        "16": "gbdt",
        "17": "dart",
        "18": "dart",
        "19": "gbdt",
        "20": "dart",
        "21": "dart",
        "22": "gbdt",
        "23": "gbdt",
        "24": "rf",
        "25": "gbdt"
    },
    "early_stopping_rounds": {
        "0": 5,
        "1": 5,
        "2": 5,
        "3": 5,
        "4": 5,
        "5": 5,
        "6": 5,
        "7": 5,
        "8": 5,
        "9": 5,
        "10": 5,
        "11": 5,
        "12": 5,
        "13": 5,
        "14": 5,
        "15": 5,
        "16": 5,
        "17": 5,
        "18": 5,
        "19": 5,
        "20": 5,
        "21": 5,
        "22": 5,
        "23": 5,
        "24": 5,
        "25": 5
    },
    "num_classes": {
        "0": 2,
        "1": 2,
        "2": 2,
        "3": 2,
        "4": 2,
        "5": 2,
        "6": 2,
        "7": 2,
        "8": 2,
        "9": 2,
        "10": 2,
        "11": 2,
        "12": 2,
        "13": 2,
        "14": 2,
        "15": 2,
        "16": 2,
        "17": 2,
        "18": 2,
        "19": 2,
        "20": 2,
        "21": 2,
        "22": 2,
        "23": 2,
        "24": 2,
        "25": 2
    },
    "score_f_name": {
        "0": "AUC",
        "1": "AUC",
        "2": "AUC",
        "3": "AUC",
        "4": "AUC",
        "5": "AUC",
        "6": "AUC",
        "7": "AUC",
        "8": "AUC",
        "9": "AUC",
        "10": "AUC",
        "11": "AUC",
        "12": "AUC",
        "13": "AUC",
        "14": "AUC",
        "15": "AUC",
        "16": "AUC",
        "17": "AUC",
        "18": "AUC",
        "19": "AUC",
        "20": "AUC",
        "21": "AUC",
        "22": "AUC",
        "23": "AUC",
        "24": "AUC",
        "25": "AUC"
    },
    "objective": {
        "0": "xentropy",
        "1": "xentropy",
        "2": "xentropy",
        "3": "xentropy",
        "4": "xentropy",
        "5": "xentropy",
        "6": "xentropy",
        "7": "xentropy",
        "8": "binary",
        "9": "binary",
        "10": "binary",
        "11": "xentropy",
        "12": "xentropy",
        "13": "xentropy",
        "14": "xentropy",
        "15": "xentropy",
        "16": "binary",
        "17": "binary",
        "18": "xentropy",
        "19": "xentropy",
        "20": "xentropy",
        "21": "binary",
        "22": "binary",
        "23": "binary",
        "24": "binary",
        "25": "xentropy"
    },
    "eval_metric": {
        "0": "logloss",
        "1": "logloss",
        "2": "logloss",
        "3": "logloss",
        "4": "logloss",
        "5": "logloss",
        "6": "logloss",
        "7": "logloss",
        "8": "logloss",
        "9": "logloss",
        "10": "logloss",
        "11": "logloss",
        "12": "logloss",
        "13": "logloss",
        "14": "logloss",
        "15": "logloss",
        "16": "logloss",
        "17": "logloss",
        "18": "logloss",
        "19": "logloss",
        "20": "logloss",
        "21": "logloss",
        "22": "logloss",
        "23": "logloss",
        "24": "logloss",
        "25": "logloss"
    },
    "random_state": {
        "0": 1234,
        "1": 1234,
        "2": 1234,
        "3": 1234,
        "4": 1234,
        "5": 1234,
        "6": 1234,
        "7": 1234,
        "8": 1234,
        "9": 1234,
        "10": 1234,
        "11": 1234,
        "12": 1234,
        "13": 1234,
        "14": 1234,
        "15": 1234,
        "16": 1234,
        "17": 1234,
        "18": 1234,
        "19": 1234,
        "20": 1234,
        "21": 1234,
        "22": 1234,
        "23": 1234,
        "24": 1234,
        "25": 1234
    },
    "early_stopping_threshold": {
        "0": 0.0001,
        "1": 0.0001,
        "2": 0.0001,
        "3": 0.0001,
        "4": 0.0001,
        "5": 0.0001,
        "6": 0.0001,
        "7": 0.0001,
        "8": 0.0001,
        "9": 0.0001,
        "10": 0.0001,
        "11": 0.0001,
        "12": 0.0001,
        "13": 0.0001,
        "14": 0.0001,
        "15": 0.0001,
        "16": 0.0001,
        "17": 0.0001,
        "18": 0.0001,
        "19": 0.0001,
        "20": 0.0001,
        "21": 0.0001,
        "22": 0.0001,
        "23": 0.0001,
        "24": 0.0001,
        "25": 0.0001
    },
    "monotonicity_constraints": {
        "0": false,
        "1": false,
        "2": false,
        "3": false,
        "4": false,
        "5": false,
        "6": false,
        "7": false,
        "8": false,
        "9": false,
        "10": false,
        "11": false,
        "12": false,
        "13": false,
        "14": false,
        "15": false,
        "16": false,
        "17": false,
        "18": false,
        "19": false,
        "20": false,
        "21": false,
        "22": false,
        "23": false,
        "24": false,
        "25": false
    },
    "silent": {
        "0": true,
        "1": true,
        "2": true,
        "3": true,
        "4": true,
        "5": true,
        "6": true,
        "7": true,
        "8": true,
        "9": true,
        "10": true,
        "11": true,
        "12": true,
        "13": true,
        "14": true,
        "15": true,
        "16": true,
        "17": true,
        "18": true,
        "19": true,
        "20": true,
        "21": true,
        "22": true,
        "23": true,
        "24": true,
        "25": true
    },
    "debug_verbose": {
        "0": 0,
        "1": 0,
        "2": 0,
        "3": 0,
        "4": 0,
        "5": 0,
        "6": 0,
        "7": 0,
        "8": 0,
        "9": 0,
        "10": 0,
        "11": 0,
        "12": 0,
        "13": 0,
        "14": 0,
        "15": 0,
        "16": 0,
        "17": 0,
        "18": 0,
        "19": 0,
        "20": 0,
        "21": 0,
        "22": 0,
        "23": 0,
        "24": 0,
        "25": 0
    },
    "model_origin": {
        "0": "DefaultIndiv: do_te:False,interp:1,depth:6,num_as_cat:False",
        "1": "BRAIN_1",
        "2": "DefaultIndiv: do_te:True,interp:11,depth:6,num_as_cat:False",
        "3": "DefaultIndiv: do_te:True,interp:1,depth:6,num_as_cat:False",
        "4": "BRAIN_2",
        "5": "DefaultIndiv: do_te:True,interp:11,depth:10,num_as_cat:False",
        "6": "RANDOM",
        "7": "DefaultIndiv: do_te:False,interp:1,depth:10,num_as_cat:False",
        "8": "RANDOM",
        "9": "RANDOM",
        "10": "RANDOM",
        "11": "DefaultIndiv: do_te:False,interp:11,depth:10,num_as_cat:False",
        "12": "DefaultIndiv: do_te:True,interp:1,depth:10,num_as_cat:False",
        "13": "RANDOM",
        "14": "RANDOM",
        "15": "SEQUENCE",
        "16": "RANDOM",
        "17": "RANDOM",
        "18": "RANDOM",
        "19": "RANDOM",
        "20": "RANDOM",
        "21": "RANDOM",
        "22": "RANDOM",
        "23": "RANDOM",
        "24": "RANDOM",
        "25": "GLM_OHE"
    },
    "rate_drop": {
        "0": 0.1,
        "1": 0.1,
        "2": 0.1,
        "3": 0.1,
        "4": 0.1,
        "5": 0.1,
        "6": 0.01,
        "7": 0.1,
        "8": 0.05,
        "9": 0.2,
        "10": 0.05,
        "11": 0.1,
        "12": 0.1,
        "13": 0.2,
        "14": 0.1,
        "15": 0.1,
        "16": 0.1,
        "17": 0.01,
        "18": 0.1,
        "19": 0.1,
        "20": 0.2,
        "21": 0.2,
        "22": 0.2,
        "23": 0.1,
        "24": 0.01,
        "25": 0.1
    },
    "skip_drop": {
        "0": 0.6,
        "1": 0.6,
        "2": 0.6,
        "3": 0.6,
        "4": 0.6,
        "5": 0.6,
        "6": 0.4,
        "7": 0.6,
        "8": 0.4,
        "9": 0.5,
        "10": 0.6,
        "11": 0.6,
        "12": 0.6,
        "13": 0.6,
        "14": 0.6,
        "15": 0.6,
        "16": 0.5,
        "17": 0.4,
        "18": 0.6,
        "19": 0.5,
        "20": 0.5,
        "21": 0.4,
        "22": 0.5,
        "23": 0.6,
        "24": 0.4,
        "25": 0.6
    },
    "max_drop": {
        "0": 100,
        "1": 100,
        "2": 100,
        "3": 100,
        "4": 100,
        "5": 100,
        "6": 50,
        "7": 100,
        "8": 100,
        "9": 200,
        "10": 200,
        "11": 100,
        "12": 100,
        "13": 100,
        "14": 100,
        "15": 100,
        "16": 100,
        "17": 100,
        "18": 200,
        "19": 50,
        "20": 200,
        "21": 50,
        "22": 50,
        "23": 100,
        "24": 100,
        "25": 100
    },
    "subsample_freq": {
        "0": 1,
        "1": 1,
        "2": 1,
        "3": 1,
        "4": 1,
        "5": 1,
        "6": 1,
        "7": 1,
        "8": 20,
        "9": 1,
        "10": 5,
        "11": 1,
        "12": 1,
        "13": 1,
        "14": 10,
        "15": 1,
        "16": 10,
        "17": 20,
        "18": 10,
        "19": 20,
        "20": 20,
        "21": 20,
        "22": 20,
        "23": 20,
        "24": 5,
        "25": 1
    },
    "is_unbalance": {
        "0": true,
        "1": true,
        "2": true,
        "3": true,
        "4": true,
        "5": true,
        "6": false,
        "7": true,
        "8": false,
        "9": false,
        "10": false,
        "11": true,
        "12": true,
        "13": true,
        "14": true,
        "15": true,
        "16": false,
        "17": false,
        "18": false,
        "19": true,
        "20": true,
        "21": false,
        "22": false,
        "23": true,
        "24": true,
        "25": true
    },
    "scores": {
        "0": 0.9237266263,
        "1": 0.9237159297,
        "2": 0.923440563,
        "3": 0.9234404199,
        "4": 0.9232741532,
        "5": 0.9220691153,
        "6": 0.922047572,
        "7": 0.9220290853,
        "8": 0.9220035482,
        "9": 0.9220032654,
        "10": 0.9219600608,
        "11": 0.9219509964,
        "12": 0.9218413267,
        "13": 0.9213706917,
        "14": 0.9209924942,
        "15": 0.9208454527,
        "16": 0.9206267357,
        "17": 0.9201469438,
        "18": 0.9193315082,
        "19": 0.91774962,
        "20": 0.9168281679,
        "21": 0.9159886914,
        "22": 0.9120118768,
        "23": 0.8909113817,
        "24": 0.6569976116,
        "25": 0.5
    },
    "scores_sd": {
        "0": 0.000862143,
        "1": 0.0008442274,
        "2": 0.0008224814,
        "3": 0.0008224767,
        "4": 0.0008351476,
        "5": 0.0008960618,
        "6": 0.0008900051,
        "7": 0.0008567609,
        "8": 0.0007974987,
        "9": 0.000970708,
        "10": 0.0007364055,
        "11": 0.000907717,
        "12": 0.0009063232,
        "13": 0.0008209734,
        "14": 0.0008441594,
        "15": 0.0007890186,
        "16": 0.0007919543,
        "17": 0.0008010328,
        "18": 0.0008398566,
        "19": 0.0009187953,
        "20": 0.0009754121,
        "21": 0.0007635591,
        "22": 0.0007367355,
        "23": 0.0011718639,
        "24": 0.0005134324,
        "25": 0.0
    },
    "training_times": {
        "0": 23.9769980907,
        "1": 27.8247749805,
        "2": 18.5978953838,
        "3": 21.0384252071,
        "4": 20.4173388481,
        "5": 16.7518320084,
        "6": 74.9908285141,
        "7": 18.3390846252,
        "8": 76.1909589767,
        "9": 37.9626824856,
        "10": 85.5826086998,
        "11": 18.5449309349,
        "12": 18.1604123116,
        "13": 17.9892337322,
        "14": 42.1340482235,
        "15": 60.573114872,
        "16": 70.1241495609,
        "17": 18.1622450352,
        "18": 65.4968781471,
        "19": 40.3108007908,
        "20": 20.2668812275,
        "21": 40.6259248257,
        "22": 64.3673827648,
        "23": 14.8710625172,
        "24": 15.6062772274,
        "25": 145.0963068008
    },
    "rel_time": {
        "0": 0.1652488517,
        "1": 0.1917676307,
        "2": 0.1281762148,
        "3": 0.1449962833,
        "4": 0.1407157722,
        "5": 0.1154531937,
        "6": 0.5168348538,
        "7": 0.1263924977,
        "8": 0.525106122,
        "9": 0.2616378275,
        "10": 0.5898331294,
        "11": 0.1278111852,
        "12": 0.1251610927,
        "13": 0.1239813344,
        "14": 0.2903867724,
        "15": 0.4174683437,
        "16": 0.4832938281,
        "17": 0.1251737238,
        "18": 0.451402793,
        "19": 0.2778209982,
        "20": 0.1396788221,
        "21": 0.2799928249,
        "22": 0.44361834,
        "23": 0.1024909789,
        "24": 0.1075580597,
        "25": 1.0
    },
    "optimal_n_estimators": {
        "0": 269,
        "1": 310,
        "2": 204,
        "3": 204,
        "4": 222,
        "5": 78,
        "6": 85,
        "7": 83,
        "8": 99,
        "9": 99,
        "10": 147,
        "11": 85,
        "12": 87,
        "13": 82,
        "14": 502,
        "15": 82,
        "16": 107,
        "17": 95,
        "18": 75,
        "19": 21,
        "20": 36,
        "21": 70,
        "22": 17,
        "23": 1,
        "24": 1,
        "25": 12
    },
    "rel_optimal_n_estimators": {
        "0": 0.5358565737,
        "1": 0.6175298805,
        "2": 0.406374502,
        "3": 0.406374502,
        "4": 0.4422310757,
        "5": 0.1553784861,
        "6": 0.1693227092,
        "7": 0.1653386454,
        "8": 0.1972111554,
        "9": 0.1972111554,
        "10": 0.2928286853,
        "11": 0.1693227092,
        "12": 0.1733067729,
        "13": 0.1633466135,
        "14": 1.0,
        "15": 0.1633466135,
        "16": 0.2131474104,
        "17": 0.1892430279,
        "18": 0.1494023904,
        "19": 0.0418326693,
        "20": 0.0717131474,
        "21": 0.1394422311,
        "22": 0.0338645418,
        "23": 0.0019920319,
        "24": 0.0019920319,
        "25": 0.0239043825
    },
    "ngenes_start": {
        "0": 44,
        "1": 48,
        "2": 44,
        "3": 44,
        "4": 47,
        "5": 44,
        "6": 44,
        "7": 44,
        "8": 44,
        "9": 78,
        "10": 44,
        "11": 44,
        "12": 44,
        "13": 78,
        "14": 78,
        "15": 78,
        "16": 44,
        "17": 78,
        "18": 44,
        "19": 44,
        "20": 44,
        "21": 44,
        "22": 44,
        "23": 44,
        "24": 44,
        "25": 76
    },
    "ngenes_max": {
        "0": 100000000,
        "1": 100000000,
        "2": 100000000,
        "3": 100000000,
        "4": 100000000,
        "5": 100000000,
        "6": 100000000,
        "7": 100000000,
        "8": 100000000,
        "9": 100000000,
        "10": 100000000,
        "11": 100000000,
        "12": 100000000,
        "13": 100000000,
        "14": 100000000,
        "15": 100000000,
        "16": 100000000,
        "17": 100000000,
        "18": 100000000,
        "19": 100000000,
        "20": 100000000,
        "21": 100000000,
        "22": 100000000,
        "23": 100000000,
        "24": 100000000,
        "25": 100000000
    },
    "ngenes": {
        "0": 44,
        "1": 48,
        "2": 44,
        "3": 44,
        "4": 47,
        "5": 44,
        "6": 309,
        "7": 44,
        "8": 307,
        "9": 207,
        "10": 304,
        "11": 44,
        "12": 44,
        "13": 107,
        "14": 105,
        "15": 306,
        "16": 247,
        "17": 106,
        "18": 284,
        "19": 208,
        "20": 108,
        "21": 141,
        "22": 270,
        "23": 15,
        "24": 13,
        "25": 1
    },
    "nfeatures_max": {
        "0": 100000000,
        "1": 100000000,
        "2": 100000000,
        "3": 100000000,
        "4": 100000000,
        "5": 100000000,
        "6": 100000000,
        "7": 100000000,
        "8": 100000000,
        "9": 100000000,
        "10": 100000000,
        "11": 100000000,
        "12": 100000000,
        "13": 100000000,
        "14": 100000000,
        "15": 100000000,
        "16": 100000000,
        "17": 100000000,
        "18": 100000000,
        "19": 100000000,
        "20": 100000000,
        "21": 100000000,
        "22": 100000000,
        "23": 100000000,
        "24": 100000000,
        "25": 100000000
    },
    "nfeatures": {
        "0": 44,
        "1": 56,
        "2": 44,
        "3": 44,
        "4": 47,
        "5": 44,
        "6": 548,
        "7": 44,
        "8": 540,
        "9": 301,
        "10": 540,
        "11": 44,
        "12": 44,
        "13": 123,
        "14": 121,
        "15": 450,
        "16": 427,
        "17": 122,
        "18": 487,
        "19": 344,
        "20": 162,
        "21": 216,
        "22": 476,
        "23": 15,
        "24": 13,
        "25": 1
    },
    "rel_scores": {
        "0": 1.0,
        "1": 0.9999884202,
        "2": 0.9996903161,
        "3": 0.9996901611,
        "4": 0.9995101656,
        "5": 0.9982056261,
        "6": 0.998182304,
        "7": 0.9981622907,
        "8": 0.998134645,
        "9": 0.9981343388,
        "10": 0.9980875668,
        "11": 0.998077754,
        "12": 0.9979590287,
        "13": 0.9974495327,
        "14": 0.997040107,
        "15": 0.996880924,
        "16": 0.9966441472,
        "17": 0.9961247382,
        "18": 0.9952419711,
        "19": 0.9935294642,
        "20": 0.9925319265,
        "21": 0.9916231332,
        "22": 0.9873179476,
        "23": 0.9644751557,
        "24": 0.711246805,
        "25": 0.5412856854
    },
    "complexity": {
        "0": 2079.1190865357,
        "1": 2613.830010785,
        "2": 1576.7297161832,
        "3": 1576.7297161832,
        "4": 1832.8428986916,
        "5": 2161.9396274299,
        "6": 6697.0517928287,
        "7": 2300.5255009831,
        "8": 5338.8531933999,
        "9": 3599.8130652566,
        "10": 4976.3648296071,
        "11": 2355.9598504043,
        "12": 2411.3941998256,
        "13": 2265.8909923521,
        "14": 3360.0,
        "15": 9048.0820288932,
        "16": 842.3585657371,
        "17": 320.9561752988,
        "18": 2371.9246972483,
        "19": 2227.5059760956,
        "20": 1401.9983631571,
        "21": 306.4901857298,
        "22": 1170.3585657371,
        "23": 0.9561752988,
        "24": 26.5179282869,
        "25": 2.1079274281
    },
    "z-score": {
        "0": 0.0,
        "1": 0.0124069609,
        "2": 0.3318048801,
        "3": 0.3319709008,
        "4": 0.5248236577,
        "5": 1.9225475285,
        "6": 1.9475355614,
        "7": 1.968978355,
        "8": 1.9985988426,
        "9": 1.9989268763,
        "10": 2.0490398225,
        "11": 2.0595536045,
        "12": 2.1867595534,
        "13": 2.732649223,
        "14": 3.171320617,
        "15": 3.3418741833,
        "16": 3.5955640924,
        "17": 4.1520748909,
        "18": 5.0978988431,
        "19": 6.9327314722,
        "20": 8.0015241283,
        "21": 8.9752332446,
        "22": 13.587941791,
        "23": 38.0624130404,
        "24": 309.3790720607,
        "25": 491.4806535994
    },
    "isbest": {
        "0": "",
        "1": "",
        "2": "*",
        "3": "",
        "4": "",
        "5": "",
        "6": "",
        "7": "",
        "8": "",
        "9": "",
        "10": "",
        "11": "",
        "12": "",
        "13": "",
        "14": "",
        "15": "",
        "16": "",
        "17": "",
        "18": "",
        "19": "",
        "20": "",
        "21": "",
        "22": "",
        "23": "",
        "24": "",
        "25": ""
    },
    "good": {
        "0": "+",
        "1": "+",
        "2": "+",
        "3": "+",
        "4": "",
        "5": "",
        "6": "",
        "7": "",
        "8": "",
        "9": "",
        "10": "",
        "11": "",
        "12": "",
        "13": "",
        "14": "",
        "15": "",
        "16": "",
        "17": "",
        "18": "",
        "19": "",
        "20": "",
        "21": "",
        "22": "",
        "23": "",
        "24": "",
        "25": ""
    }
}