{
    "Coefficient": {
        "41_reciprocal_chat": 129570.3671875,
        "29_node1_ChatRtAsNode1": 33429.11328125,
        "6_n1_f12": 15430.6689453125,
        "36_node2_ChatRtAsNode2": 15208.3154296875,
        "30_node1_ChatRtAsNode2": 13443.0517578125,
        "19_n2_f12": 11962.1083984375,
        "33_node1_contactsAsNode1": 7604.7133789062,
        "35_node2_ChatRtAsNode1": 6669.4912109375,
        "28_n2_f9": 6164.1396484375,
        "40_node2_contactsAsNode2": 5282.6049804688,
        "9_n1_f3": 5115.0341796875,
        "1_ml_sub_f13": 4387.2495117188,
        "2_ml_sub_f9": 4141.6533203125,
        "22_n2_f3": 3801.09765625,
        "43_sameNode": 3202.7788085938,
        "37_node2_chatsAsNode1": 3121.1301269531,
        "31_node1_chatsAsNode1": 2769.1567382812,
        "39_node2_contactsAsNode1": 2599.9782714844,
        "20_n2_f13": 2174.8435058594,
        "34_node1_contactsAsNode2": 2025.7448730469,
        "15_n1_f9": 1808.9772949219,
        "38_node2_chatsAsNode2": 1806.1629638672,
        "12_n1_f6": 1339.1134033203,
        "25_n2_f6": 1295.3919677734,
        "0_ml_sub_f11": 1261.0493164062,
        "21_n2_f2": 1074.4663085938,
        "18_n2_f11": 1043.3049316406,
        "32_node1_chatsAsNode2": 865.3625488281,
        "4_n1_f10": 860.4017333984,
        "17_n2_f10": 838.8559570312,
        "5_n1_f11": 828.6798095703,
        "23_n2_f4": 805.0955810547,
        "8_n1_f2": 685.2202758789,
        "24_n2_f5": 639.1802978516,
        "3_n1_f1": 627.008972168,
        "7_n1_f13": 560.0305175781,
        "10_n1_f4": 537.0277709961,
        "16_n2_f1": 497.0033569336,
        "11_n1_f5": 496.341583252,
        "27_n2_f8": 483.6822509766,
        "42_reciprocal_within_test": 483.0129394531,
        "14_n1_f8": 440.6912841797,
        "13_n1_f7": 425.5102233887,
        "26_n2_f7": 360.9639892578
    },
    "Description": {
        "41_reciprocal_chat": "reciprocal_chat (original)",
        "29_node1_ChatRtAsNode1": "node1_ChatRtAsNode1 (original)",
        "6_n1_f12": "n1_f12 (original)",
        "36_node2_ChatRtAsNode2": "node2_ChatRtAsNode2 (original)",
        "30_node1_ChatRtAsNode2": "node1_ChatRtAsNode2 (original)",
        "19_n2_f12": "n2_f12 (original)",
        "33_node1_contactsAsNode1": "node1_contactsAsNode1 (original)",
        "35_node2_ChatRtAsNode1": "node2_ChatRtAsNode1 (original)",
        "28_n2_f9": "n2_f9 (original)",
        "40_node2_contactsAsNode2": "node2_contactsAsNode2 (original)",
        "9_n1_f3": "n1_f3 (original)",
        "1_ml_sub_f13": "ml_sub_f13 (original)",
        "2_ml_sub_f9": "ml_sub_f9 (original)",
        "22_n2_f3": "n2_f3 (original)",
        "43_sameNode": "sameNode (original)",
        "37_node2_chatsAsNode1": "node2_chatsAsNode1 (original)",
        "31_node1_chatsAsNode1": "node1_chatsAsNode1 (original)",
        "39_node2_contactsAsNode1": "node2_contactsAsNode1 (original)",
        "20_n2_f13": "n2_f13 (original)",
        "34_node1_contactsAsNode2": "node1_contactsAsNode2 (original)",
        "15_n1_f9": "n1_f9 (original)",
        "38_node2_chatsAsNode2": "node2_chatsAsNode2 (original)",
        "12_n1_f6": "n1_f6 (original)",
        "25_n2_f6": "n2_f6 (original)",
        "0_ml_sub_f11": "ml_sub_f11 (original)",
        "21_n2_f2": "n2_f2 (original)",
        "18_n2_f11": "n2_f11 (original)",
        "32_node1_chatsAsNode2": "node1_chatsAsNode2 (original)",
        "4_n1_f10": "n1_f10 (original)",
        "17_n2_f10": "n2_f10 (original)",
        "5_n1_f11": "n1_f11 (original)",
        "23_n2_f4": "n2_f4 (original)",
        "8_n1_f2": "n1_f2 (original)",
        "24_n2_f5": "n2_f5 (original)",
        "3_n1_f1": "n1_f1 (original)",
        "7_n1_f13": "n1_f13 (original)",
        "10_n1_f4": "n1_f4 (original)",
        "16_n2_f1": "n2_f1 (original)",
        "11_n1_f5": "n1_f5 (original)",
        "27_n2_f8": "n2_f8 (original)",
        "42_reciprocal_within_test": "reciprocal_within_test (original)",
        "14_n1_f8": "n1_f8 (original)",
        "13_n1_f7": "n1_f7 (original)",
        "26_n2_f7": "n2_f7 (original)"
    }
}