{
    "Relative Importance": {
        "41_reciprocal_chat": 1.0,
        "29_node1_ChatRtAsNode1": 0.2439828813,
        "6_n1_f12": 0.1337922215,
        "19_n2_f12": 0.1261034459,
        "36_node2_ChatRtAsNode2": 0.0970963612,
        "35_node2_ChatRtAsNode1": 0.0886260271,
        "30_node1_ChatRtAsNode2": 0.0777412504,
        "33_node1_contactsAsNode1": 0.0594938658,
        "9_n1_f3": 0.0434081629,
        "28_n2_f9": 0.0394343249,
        "31_node1_chatsAsNode1": 0.0379435197,
        "22_n2_f3": 0.0366482884,
        "1_ml_sub_f13": 0.032227844,
        "15_n1_f9": 0.0273068678,
        "43_sameNode": 0.0265298672,
        "40_node2_contactsAsNode2": 0.026393706,
        "2_ml_sub_f9": 0.0263254121,
        "20_n2_f13": 0.0148636056,
        "25_n2_f6": 0.0144409547,
        "39_node2_contactsAsNode1": 0.0130112348,
        "12_n1_f6": 0.0115688471,
        "38_node2_chatsAsNode2": 0.0109802261,
        "37_node2_chatsAsNode1": 0.007999585,
        "34_node1_contactsAsNode2": 0.0070963092,
        "7_n1_f13": 0.0065828115,
        "0_ml_sub_f11": 0.0059612179,
        "32_node1_chatsAsNode2": 0.0059003304,
        "17_n2_f10": 0.0055725812,
        "18_n2_f11": 0.0049898373,
        "4_n1_f10": 0.0047851354,
        "42_reciprocal_within_test": 0.0045683347,
        "3_n1_f1": 0.0041988119,
        "16_n2_f1": 0.0041359854,
        "5_n1_f11": 0.0034740386,
        "21_n2_f2": 0.0033004258,
        "8_n1_f2": 0.0030640848,
        "23_n2_f4": 0.0027387198,
        "26_n2_f7": 0.0025996813,
        "10_n1_f4": 0.0024224357,
        "13_n1_f7": 0.0023143082,
        "14_n1_f8": 0.0016940876,
        "27_n2_f8": 0.0016919808,
        "11_n1_f5": 0.001633356,
        "24_n2_f5": 0.0016138194
    },
    "Description": {
        "41_reciprocal_chat": "N/A",
        "29_node1_ChatRtAsNode1": "N/A",
        "6_n1_f12": "N/A",
        "19_n2_f12": "N/A",
        "36_node2_ChatRtAsNode2": "N/A",
        "35_node2_ChatRtAsNode1": "N/A",
        "30_node1_ChatRtAsNode2": "N/A",
        "33_node1_contactsAsNode1": "N/A",
        "9_n1_f3": "N/A",
        "28_n2_f9": "N/A",
        "31_node1_chatsAsNode1": "N/A",
        "22_n2_f3": "N/A",
        "1_ml_sub_f13": "N/A",
        "15_n1_f9": "N/A",
        "43_sameNode": "N/A",
        "40_node2_contactsAsNode2": "N/A",
        "2_ml_sub_f9": "N/A",
        "20_n2_f13": "N/A",
        "25_n2_f6": "N/A",
        "39_node2_contactsAsNode1": "N/A",
        "12_n1_f6": "N/A",
        "38_node2_chatsAsNode2": "N/A",
        "37_node2_chatsAsNode1": "N/A",
        "34_node1_contactsAsNode2": "N/A",
        "7_n1_f13": "N/A",
        "0_ml_sub_f11": "N/A",
        "32_node1_chatsAsNode2": "N/A",
        "17_n2_f10": "N/A",
        "18_n2_f11": "N/A",
        "4_n1_f10": "N/A",
        "42_reciprocal_within_test": "N/A",
        "3_n1_f1": "N/A",
        "16_n2_f1": "N/A",
        "5_n1_f11": "N/A",
        "21_n2_f2": "N/A",
        "8_n1_f2": "N/A",
        "23_n2_f4": "N/A",
        "26_n2_f7": "N/A",
        "10_n1_f4": "N/A",
        "13_n1_f7": "N/A",
        "14_n1_f8": "N/A",
        "27_n2_f8": "N/A",
        "11_n1_f5": "N/A",
        "24_n2_f5": "N/A"
    }
}