{
    "index": {
        "0": 0
    },
    "fold_id": {
        "0": 0
    },
    "model_id": {
        "0": 0
    },
    "n_gpus": {
        "0": 1
    },
    "gpu_id": {
        "0": 0
    },
    "n_estimators": {
        "0": 1200
    },
    "booster": {
        "0": "lightgbm"
    },
    "learning_rate": {
        "0": 0.05
    },
    "reg_alpha": {
        "0": 1.0
    },
    "reg_lambda": {
        "0": 0
    },
    "gamma": {
        "0": 0
    },
    "max_depth": {
        "0": 6
    },
    "max_bin": {
        "0": 256
    },
    "max_leaves": {
        "0": 64
    },
    "scale_pos_weight": {
        "0": 1.0
    },
    "max_delta_step": {
        "0": 10
    },
    "min_child_weight": {
        "0": 1
    },
    "subsample": {
        "0": 0.9
    },
    "colsample_bytree": {
        "0": 0.8
    },
    "tree_method": {
        "0": "gpu_hist"
    },
    "grow_policy": {
        "0": "depthwise"
    },
    "min_data_in_bin": {
        "0": 10
    },
    "min_child_samples": {
        "0": 10
    },
    "boosting_type": {
        "0": "gbdt"
    },
    "early_stopping_rounds": {
        "0": 50
    },
    "num_classes": {
        "0": 2
    },
    "score_f_name": {
        "0": "AUC"
    },
    "objective": {
        "0": "binary"
    },
    "eval_metric": {
        "0": "logloss"
    },
    "random_state": {
        "0": 1234
    },
    "early_stopping_threshold": {
        "0": 0
    },
    "monotonicity_constraints": {
        "0": false
    },
    "silent": {
        "0": true
    },
    "debug_verbose": {
        "0": 0
    },
    "model_origin": {
        "0": "DefaultIndiv: do_te:False,interp:1,depth:6,num_as_cat:False"
    },
    "rate_drop": {
        "0": 0.1
    },
    "skip_drop": {
        "0": 0.6
    },
    "max_drop": {
        "0": 100
    },
    "subsample_freq": {
        "0": 1
    },
    "is_unbalance": {
        "0": false
    },
    "n_jobs": {
        "0": 10
    }
}