{
    "Coefficient": {
        "41_reciprocal_chat": 3398014.5,
        "29_node1_ChatRtAsNode1": 829057.375,
        "6_n1_f12": 454627.90625,
        "19_n2_f12": 428501.3125,
        "36_node2_ChatRtAsNode2": 329934.84375,
        "35_node2_ChatRtAsNode1": 301152.53125,
        "30_node1_ChatRtAsNode2": 264165.90625,
        "33_node1_contactsAsNode1": 202161.015625,
        "9_n1_f3": 147501.5625,
        "28_n2_f9": 133998.40625,
        "31_node1_chatsAsNode1": 128932.6328125,
        "22_n2_f3": 124531.4140625,
        "1_ml_sub_f13": 109510.6875,
        "15_n1_f9": 92789.1328125,
        "43_sameNode": 90148.875,
        "40_node2_contactsAsNode2": 89686.1953125,
        "2_ml_sub_f9": 89454.1328125,
        "20_n2_f13": 50506.74609375,
        "25_n2_f6": 49070.57421875,
        "39_node2_contactsAsNode1": 44212.36328125,
        "12_n1_f6": 39311.109375,
        "38_node2_chatsAsNode2": 37310.96875,
        "37_node2_chatsAsNode1": 27182.70703125,
        "34_node1_contactsAsNode2": 24113.361328125,
        "7_n1_f13": 22368.48828125,
        "0_ml_sub_f11": 20256.3046875,
        "32_node1_chatsAsNode2": 20049.408203125,
        "17_n2_f10": 18935.7109375,
        "18_n2_f11": 16955.5390625,
        "4_n1_f10": 16259.958984375,
        "42_reciprocal_within_test": 15523.267578125,
        "3_n1_f1": 14267.6240234375,
        "16_n2_f1": 14054.1376953125,
        "5_n1_f11": 11804.8330078125,
        "21_n2_f2": 11214.89453125,
        "8_n1_f2": 10411.8046875,
        "23_n2_f4": 9306.2099609375,
        "26_n2_f7": 8833.7548828125,
        "10_n1_f4": 8231.4716796875,
        "13_n1_f7": 7864.052734375,
        "14_n1_f8": 5756.5341796875,
        "27_n2_f8": 5749.375,
        "11_n1_f5": 5550.1674804688,
        "24_n2_f5": 5483.7817382812
    },
    "Description": {
        "41_reciprocal_chat": "N/A",
        "29_node1_ChatRtAsNode1": "N/A",
        "6_n1_f12": "N/A",
        "19_n2_f12": "N/A",
        "36_node2_ChatRtAsNode2": "N/A",
        "35_node2_ChatRtAsNode1": "N/A",
        "30_node1_ChatRtAsNode2": "N/A",
        "33_node1_contactsAsNode1": "N/A",
        "9_n1_f3": "N/A",
        "28_n2_f9": "N/A",
        "31_node1_chatsAsNode1": "N/A",
        "22_n2_f3": "N/A",
        "1_ml_sub_f13": "N/A",
        "15_n1_f9": "N/A",
        "43_sameNode": "N/A",
        "40_node2_contactsAsNode2": "N/A",
        "2_ml_sub_f9": "N/A",
        "20_n2_f13": "N/A",
        "25_n2_f6": "N/A",
        "39_node2_contactsAsNode1": "N/A",
        "12_n1_f6": "N/A",
        "38_node2_chatsAsNode2": "N/A",
        "37_node2_chatsAsNode1": "N/A",
        "34_node1_contactsAsNode2": "N/A",
        "7_n1_f13": "N/A",
        "0_ml_sub_f11": "N/A",
        "32_node1_chatsAsNode2": "N/A",
        "17_n2_f10": "N/A",
        "18_n2_f11": "N/A",
        "4_n1_f10": "N/A",
        "42_reciprocal_within_test": "N/A",
        "3_n1_f1": "N/A",
        "16_n2_f1": "N/A",
        "5_n1_f11": "N/A",
        "21_n2_f2": "N/A",
        "8_n1_f2": "N/A",
        "23_n2_f4": "N/A",
        "26_n2_f7": "N/A",
        "10_n1_f4": "N/A",
        "13_n1_f7": "N/A",
        "14_n1_f8": "N/A",
        "27_n2_f8": "N/A",
        "11_n1_f5": "N/A",
        "24_n2_f5": "N/A"
    }
}