{
    "Optimized": {
        "GINI": "",
        "MCC": "",
        "F05": "",
        "F1": "",
        "F2": "",
        "ACCURACY": "",
        "LOGLOSS": "",
        "AUCPR": "",
        "AUC": "*"
    },
    "Better score is": {
        "GINI": "higher",
        "MCC": "higher",
        "F05": "higher",
        "F1": "higher",
        "F2": "higher",
        "ACCURACY": "higher",
        "LOGLOSS": "lower",
        "AUCPR": "higher",
        "AUC": "higher"
    },
    "Final ensemble scores on validation (internal or external holdout(s)) data": {
        "GINI": "0.854",
        "MCC": "0.54425",
        "F05": "0.64992",
        "F1": "0.54798",
        "F2": "0.56633",
        "ACCURACY": "0.97691",
        "LOGLOSS": "0.078412",
        "AUCPR": "0.57205",
        "AUC": "0.927"
    },
    "Final ensemble standard deviation on validation (internal or external holdout(s)) data": {
        "GINI": "0.00097242",
        "MCC": "0.0023735",
        "F05": "0.0023362",
        "F1": "0.0023103",
        "F2": "0.0012237",
        "ACCURACY": "0.00010373",
        "LOGLOSS": "0.00030471",
        "AUCPR": "0.0024222",
        "AUC": "0.00048616"
    },
    "Final test scores": {
        "GINI": "0.84996",
        "MCC": "0.53867",
        "F05": "0.64709",
        "F1": "0.54359",
        "F2": "0.56002",
        "ACCURACY": "0.97685",
        "LOGLOSS": "0.079169",
        "AUCPR": "0.5651",
        "AUC": "0.92498"
    },
    "Final test standard deviation": {
        "GINI": "0.0020184",
        "MCC": "0.0032062",
        "F05": "0.003038",
        "F1": "0.0031249",
        "F2": "0.0029455",
        "ACCURACY": "0.00014296",
        "LOGLOSS": "0.00049355",
        "AUCPR": "0.0034398",
        "AUC": "0.0010093"
    }
}