{
    "Relative Importance": {
        "reciprocal_chat": 1.0,
        "node1_ChatRtAsNode1": 0.2439828813,
        "n1_f12": 0.1337922215,
        "n2_f12": 0.1261034459,
        "node2_ChatRtAsNode2": 0.0970963612,
        "node2_ChatRtAsNode1": 0.0886260271,
        "node1_ChatRtAsNode2": 0.0777412504,
        "node1_contactsAsNode1": 0.0594938658,
        "n1_f3": 0.0434081629,
        "n2_f9": 0.0394343249,
        "node1_chatsAsNode1": 0.0379435197,
        "n2_f3": 0.0366482884,
        "ml_sub_f13": 0.032227844,
        "n1_f9": 0.0273068678,
        "sameNode": 0.0265298672,
        "node2_contactsAsNode2": 0.026393706,
        "ml_sub_f9": 0.0263254121,
        "n2_f13": 0.0148636056,
        "n2_f6": 0.0144409547,
        "node2_contactsAsNode1": 0.0130112348,
        "n1_f6": 0.0115688471,
        "node2_chatsAsNode2": 0.0109802261,
        "node2_chatsAsNode1": 0.007999585,
        "node1_contactsAsNode2": 0.0070963092,
        "n1_f13": 0.0065828115,
        "ml_sub_f11": 0.0059612179,
        "node1_chatsAsNode2": 0.0059003304,
        "n2_f10": 0.0055725812,
        "n2_f11": 0.0049898373,
        "n1_f10": 0.0047851354,
        "reciprocal_within_test": 0.0045683347,
        "n1_f1": 0.0041988119,
        "n2_f1": 0.0041359854,
        "n1_f11": 0.0034740386,
        "n2_f2": 0.0033004258,
        "n1_f2": 0.0030640848,
        "n2_f4": 0.0027387198,
        "n2_f7": 0.0025996813,
        "n1_f4": 0.0024224357,
        "n1_f7": 0.0023143082,
        "n1_f8": 0.0016940876,
        "n2_f8": 0.0016919808,
        "n1_f5": 0.001633356,
        "n2_f5": 0.0016138194
    }
}