{
    "Relative Importance": {
        "reciprocal_chat": 1.0,
        "node1_ChatRtAsNode1": 0.2579996884,
        "n1_f12": 0.1190910339,
        "node2_ChatRtAsNode2": 0.1173749492,
        "node1_ChatRtAsNode2": 0.1037509739,
        "n2_f12": 0.0923213288,
        "node1_contactsAsNode1": 0.0586917624,
        "node2_ChatRtAsNode1": 0.0514738932,
        "n2_f9": 0.0475736819,
        "node2_contactsAsNode2": 0.0407701619,
        "n1_f3": 0.0394768827,
        "ml_sub_f13": 0.0338599756,
        "ml_sub_f9": 0.0319645107,
        "n2_f3": 0.0293361656,
        "sameNode": 0.0247184504,
        "node2_chatsAsNode1": 0.0240883026,
        "node1_chatsAsNode1": 0.0213718358,
        "node2_contactsAsNode1": 0.0200661495,
        "n2_f13": 0.0167850386,
        "node1_contactsAsNode2": 0.0156343225,
        "n1_f9": 0.0139613505,
        "node2_chatsAsNode2": 0.0139396302,
        "n1_f6": 0.0103350282,
        "n2_f6": 0.0099975942,
        "ml_sub_f11": 0.0097325444,
        "n2_f2": 0.0082925316,
        "n2_f11": 0.0080520334,
        "node1_chatsAsNode2": 0.0066787074,
        "n1_f10": 0.0066404208,
        "n2_f10": 0.0064741345,
        "n1_f11": 0.0063955965,
        "n2_f4": 0.0062135779,
        "n1_f2": 0.0052884025,
        "n2_f5": 0.0049330746,
        "n1_f1": 0.0048391386,
        "n1_f13": 0.0043222113,
        "n1_f4": 0.0041446807,
        "n2_f1": 0.0038357794,
        "n1_f5": 0.003830672,
        "n2_f8": 0.0037329698,
        "reciprocal_within_test": 0.0037278039,
        "n1_f8": 0.0034011733,
        "n1_f7": 0.0032840087,
        "n2_f7": 0.0027858529
    }
}