{
    "Relative Importance": {
        "41_reciprocal_chat": 1.0,
        "29_node1_ChatRtAsNode1": 0.2579996884,
        "6_n1_f12": 0.1190910339,
        "36_node2_ChatRtAsNode2": 0.1173749492,
        "30_node1_ChatRtAsNode2": 0.1037509739,
        "19_n2_f12": 0.0923213288,
        "33_node1_contactsAsNode1": 0.0586917624,
        "35_node2_ChatRtAsNode1": 0.0514738932,
        "28_n2_f9": 0.0475736819,
        "40_node2_contactsAsNode2": 0.0407701619,
        "9_n1_f3": 0.0394768827,
        "1_ml_sub_f13": 0.0338599756,
        "2_ml_sub_f9": 0.0319645107,
        "22_n2_f3": 0.0293361656,
        "43_sameNode": 0.0247184504,
        "37_node2_chatsAsNode1": 0.0240883026,
        "31_node1_chatsAsNode1": 0.0213718358,
        "39_node2_contactsAsNode1": 0.0200661495,
        "20_n2_f13": 0.0167850386,
        "34_node1_contactsAsNode2": 0.0156343225,
        "15_n1_f9": 0.0139613505,
        "38_node2_chatsAsNode2": 0.0139396302,
        "12_n1_f6": 0.0103350282,
        "25_n2_f6": 0.0099975942,
        "0_ml_sub_f11": 0.0097325444,
        "21_n2_f2": 0.0082925316,
        "18_n2_f11": 0.0080520334,
        "32_node1_chatsAsNode2": 0.0066787074,
        "4_n1_f10": 0.0066404208,
        "17_n2_f10": 0.0064741345,
        "5_n1_f11": 0.0063955965,
        "23_n2_f4": 0.0062135779,
        "8_n1_f2": 0.0052884025,
        "24_n2_f5": 0.0049330746,
        "3_n1_f1": 0.0048391386,
        "7_n1_f13": 0.0043222113,
        "10_n1_f4": 0.0041446807,
        "16_n2_f1": 0.0038357794,
        "11_n1_f5": 0.003830672,
        "27_n2_f8": 0.0037329698,
        "42_reciprocal_within_test": 0.0037278039,
        "14_n1_f8": 0.0034011733,
        "13_n1_f7": 0.0032840087,
        "26_n2_f7": 0.0027858529
    },
    "Description": {
        "41_reciprocal_chat": "reciprocal_chat (original)",
        "29_node1_ChatRtAsNode1": "node1_ChatRtAsNode1 (original)",
        "6_n1_f12": "n1_f12 (original)",
        "36_node2_ChatRtAsNode2": "node2_ChatRtAsNode2 (original)",
        "30_node1_ChatRtAsNode2": "node1_ChatRtAsNode2 (original)",
        "19_n2_f12": "n2_f12 (original)",
        "33_node1_contactsAsNode1": "node1_contactsAsNode1 (original)",
        "35_node2_ChatRtAsNode1": "node2_ChatRtAsNode1 (original)",
        "28_n2_f9": "n2_f9 (original)",
        "40_node2_contactsAsNode2": "node2_contactsAsNode2 (original)",
        "9_n1_f3": "n1_f3 (original)",
        "1_ml_sub_f13": "ml_sub_f13 (original)",
        "2_ml_sub_f9": "ml_sub_f9 (original)",
        "22_n2_f3": "n2_f3 (original)",
        "43_sameNode": "sameNode (original)",
        "37_node2_chatsAsNode1": "node2_chatsAsNode1 (original)",
        "31_node1_chatsAsNode1": "node1_chatsAsNode1 (original)",
        "39_node2_contactsAsNode1": "node2_contactsAsNode1 (original)",
        "20_n2_f13": "n2_f13 (original)",
        "34_node1_contactsAsNode2": "node1_contactsAsNode2 (original)",
        "15_n1_f9": "n1_f9 (original)",
        "38_node2_chatsAsNode2": "node2_chatsAsNode2 (original)",
        "12_n1_f6": "n1_f6 (original)",
        "25_n2_f6": "n2_f6 (original)",
        "0_ml_sub_f11": "ml_sub_f11 (original)",
        "21_n2_f2": "n2_f2 (original)",
        "18_n2_f11": "n2_f11 (original)",
        "32_node1_chatsAsNode2": "node1_chatsAsNode2 (original)",
        "4_n1_f10": "n1_f10 (original)",
        "17_n2_f10": "n2_f10 (original)",
        "5_n1_f11": "n1_f11 (original)",
        "23_n2_f4": "n2_f4 (original)",
        "8_n1_f2": "n1_f2 (original)",
        "24_n2_f5": "n2_f5 (original)",
        "3_n1_f1": "n1_f1 (original)",
        "7_n1_f13": "n1_f13 (original)",
        "10_n1_f4": "n1_f4 (original)",
        "16_n2_f1": "n2_f1 (original)",
        "11_n1_f5": "n1_f5 (original)",
        "27_n2_f8": "n2_f8 (original)",
        "42_reciprocal_within_test": "reciprocal_within_test (original)",
        "14_n1_f8": "n1_f8 (original)",
        "13_n1_f7": "n1_f7 (original)",
        "26_n2_f7": "n2_f7 (original)"
    }
}