{"self": {"_identity": [11721], "_config": {"authkey": {}, "semprefix": "/mp"}, "_parent_pid": 113, "_popen": null, "_target": {}, "_args": [{"_maxsize": 2, "_reader": {"_handle": 21, "_readable": true, "_writable": false}, "_writer": {"_handle": 22, "_readable": false, "_writable": true}, "_rlock": {"_semlock": "\"COULDNOTENCODE:<_multiprocessing.SemLock object at 0x7f9b8c9cadf8>\"", "acquire": "\"COULDNOTENCODE:<built-in method acquire of _multiprocessing.SemLock object at 0x7f9b8c9cadf8>\"", "release": "\"COULDNOTENCODE:<built-in method release of _multiprocessing.SemLock object at 0x7f9b8c9cadf8>\""}, "_opid": 113, "_wlock": {"_semlock": "\"COULDNOTENCODE:<_multiprocessing.SemLock object at 0x7f9b8c9ca928>\"", "acquire": "\"COULDNOTENCODE:<built-in method acquire of _multiprocessing.SemLock object at 0x7f9b8c9ca928>\"", "release": "\"COULDNOTENCODE:<built-in method release of _multiprocessing.SemLock object at 0x7f9b8c9ca928>\""}, "_sem": {"_semlock": "\"COULDNOTENCODE:<_multiprocessing.SemLock object at 0x7f9b8c9caae8>\"", "acquire": "\"COULDNOTENCODE:<built-in method acquire of _multiprocessing.SemLock object at 0x7f9b8c9caae8>\"", "release": "\"COULDNOTENCODE:<built-in method release of _multiprocessing.SemLock object at 0x7f9b8c9caae8>\""}, "_ignore_epipe": true, "_notempty": {"_lock": "\"COULDNOTENCODE:<unlocked _thread.lock object at 0x7f9b7ff2cdc8>\"", "acquire": "\"COULDNOTENCODE:<built-in method acquire of _thread.lock object at 0x7f9b7ff2cdc8>\"", "release": "\"COULDNOTENCODE:<built-in method release of _thread.lock object at 0x7f9b7ff2cdc8>\"", "_waiters": "\"COULDNOTENCODE:deque([])\""}, "_buffer": "\"COULDNOTENCODE:deque([])\"", "_thread": null, "_jointhread": null, "_joincancelled": false, "_closed": false, "_close": null, "_send_bytes": {}, "_recv_bytes": {}, "_poll": {}}, {"_reader": {"_handle": 23, "_readable": true, "_writable": false}, "_writer": {"_handle": 24, "_readable": false, "_writable": true}, "_rlock": {"_semlock": "\"COULDNOTENCODE:<_multiprocessing.SemLock object at 0x7f9b88555880>\"", "acquire": "\"COULDNOTENCODE:<built-in method acquire of _multiprocessing.SemLock object at 0x7f9b88555880>\"", "release": "\"COULDNOTENCODE:<built-in method release of _multiprocessing.SemLock object at 0x7f9b88555880>\""}, "_poll": {}, "_wlock": {"_semlock": "\"COULDNOTENCODE:<_multiprocessing.SemLock object at 0x7f9b88555ed8>\"", "acquire": "\"COULDNOTENCODE:<built-in method acquire of _multiprocessing.SemLock object at 0x7f9b88555ed8>\"", "release": "\"COULDNOTENCODE:<built-in method release of _multiprocessing.SemLock object at 0x7f9b88555ed8>\""}}], "_kwargs": {}, "_name": "Process-11721"}, "valid_threshold": 0.27014970779418945, "validation": "external", "AUC": {"valid_score": 0.9270002765016875, "valid_sd": 0.00048616005171724065, "maximize": true}}