{"Data preparation": {"length": 41.68178057670593, "models": 0, "expected_models": 0}, "Model and feature tuning": {"length": 672.6682665348053, "models": 18, "expected_models": 18}, "Feature evolution": {"length": 149.55205535888672, "models": 10, "expected_models": 24}, "Final pipeline training": {"length": 358.6286940574646, "models": 1, "expected_models": 1}, "Python scorer building": {"length": 13.077318906784058, "models": 0, "expected_models": 0}, "Mojo scorer building": {"length": 7.152557373046875e-06, "models": 0, "expected_models": 0}}