{
    "job order": {
        "0": 3,
        "1": 5,
        "2": 7,
        "3": 10,
        "4": 14,
        "5": 6,
        "6": 2,
        "7": 4,
        "8": 1,
        "9": 9,
        "10": 15,
        "11": 16,
        "12": 13,
        "13": 12,
        "14": 0,
        "15": 11,
        "16": 8
    },
    "job status": {
        "0": "PASSED",
        "1": "PASSED",
        "2": "PASSED",
        "3": "PASSED",
        "4": "PASSED",
        "5": "PASSED",
        "6": "PASSED",
        "7": "PASSED",
        "8": "PASSED",
        "9": "PASSED",
        "10": "PASSED",
        "11": "PASSED",
        "12": "PASSED",
        "13": "PASSED",
        "14": "PASSED",
        "15": "PASSED",
        "16": "PASSED"
    },
    "n_gpus": {
        "0": 1,
        "1": 1,
        "2": 1,
        "3": 1,
        "4": 1,
        "5": 1,
        "6": 1,
        "7": 1,
        "8": 1,
        "9": 1,
        "10": 1,
        "11": 1,
        "12": 1,
        "13": 1,
        "14": 1,
        "15": 1,
        "16": 1
    },
    "gpu_id": {
        "0": 0,
        "1": 0,
        "2": 0,
        "3": 0,
        "4": 0,
        "5": 0,
        "6": 0,
        "7": 0,
        "8": 0,
        "9": 0,
        "10": 0,
        "11": 0,
        "12": 0,
        "13": 0,
        "14": 0,
        "15": 0,
        "16": 0
    },
    "n_estimators": {
        "0": 600,
        "1": 600,
        "2": 600,
        "3": 600,
        "4": 600,
        "5": 600,
        "6": 600,
        "7": 600,
        "8": 600,
        "9": 600,
        "10": 600,
        "11": 600,
        "12": 600,
        "13": 600,
        "14": 600,
        "15": 600,
        "16": 600
    },
    "booster": {
        "0": "lightgbm",
        "1": "lightgbm",
        "2": "lightgbm",
        "3": "lightgbm",
        "4": "lightgbm",
        "5": "lightgbm",
        "6": "lightgbm",
        "7": "lightgbm",
        "8": "lightgbm",
        "9": "lightgbm",
        "10": "lightgbm",
        "11": "lightgbm",
        "12": "lightgbm",
        "13": "lightgbm",
        "14": "lightgbm",
        "15": "lightgbm",
        "16": "gblinear"
    },
    "learning_rate": {
        "0": 0.1,
        "1": 0.1,
        "2": 0.1,
        "3": 0.15,
        "4": 0.15,
        "5": 0.1,
        "6": 0.1,
        "7": 0.1,
        "8": 0.1,
        "9": 0.25,
        "10": 0.1,
        "11": 0.15,
        "12": 0.2,
        "13": 0.25,
        "14": 0.05,
        "15": 0.05,
        "16": 0.1
    },
    "reg_alpha": {
        "0": 1.0,
        "1": 1.0,
        "2": 1.0,
        "3": 0.0,
        "4": 0.0,
        "5": 1.0,
        "6": 1.0,
        "7": 1.0,
        "8": 1.0,
        "9": 0.0,
        "10": 1.0,
        "11": 0.0,
        "12": 0.0,
        "13": 0.0,
        "14": 0.0,
        "15": 0.0,
        "16": 1.0
    },
    "reg_lambda": {
        "0": 0.0,
        "1": 0.0,
        "2": 0.0,
        "3": 5.0,
        "4": 2.0,
        "5": 0.0,
        "6": 0.0,
        "7": 0.0,
        "8": 0.0,
        "9": 0.5,
        "10": 0.0,
        "11": 0.5,
        "12": 1.0,
        "13": 1.0,
        "14": 0.5,
        "15": 2.0,
        "16": 0.0
    },
    "gamma": {
        "0": 0.0,
        "1": 0.0,
        "2": 0.0,
        "3": 0.0,
        "4": 0.0,
        "5": 0.0,
        "6": 0.0,
        "7": 0.0,
        "8": 0.0,
        "9": 0.001,
        "10": 0.0,
        "11": 0.001,
        "12": 0.01,
        "13": 10.0,
        "14": 0.0,
        "15": 0.0,
        "16": 0.0
    },
    "max_depth": {
        "0": 6.0,
        "1": 6.0,
        "2": 6.0,
        "3": 7.0,
        "4": 6.0,
        "5": 10.0,
        "6": 10.0,
        "7": 10.0,
        "8": 10.0,
        "9": 0.0,
        "10": 8.0,
        "11": 0.0,
        "12": 8.0,
        "13": 0.0,
        "14": 0.0,
        "15": 4.0,
        "16": 6.0
    },
    "max_bin": {
        "0": 256,
        "1": 256,
        "2": 256,
        "3": 256,
        "4": 256,
        "5": 256,
        "6": 256,
        "7": 256,
        "8": 256,
        "9": 256,
        "10": 256,
        "11": 256,
        "12": 256,
        "13": 32,
        "14": 256,
        "15": 256,
        "16": 256
    },
    "max_leaves": {
        "0": 0.0,
        "1": 0.0,
        "2": 0.0,
        "3": 0.0,
        "4": 0.0,
        "5": 0.0,
        "6": 0.0,
        "7": 0.0,
        "8": 0.0,
        "9": 16.0,
        "10": 0.0,
        "11": 16.0,
        "12": 0.0,
        "13": 1024.0,
        "14": 32.0,
        "15": 0.0,
        "16": 0.0
    },
    "scale_pos_weight": {
        "0": 1.0,
        "1": 1.0,
        "2": 1.0,
        "3": 1.0,
        "4": 1.0,
        "5": 1.0,
        "6": 1.0,
        "7": 1.0,
        "8": 1.0,
        "9": 1.0,
        "10": 1.0,
        "11": 1.0,
        "12": 1.0,
        "13": 1.0,
        "14": 1.0,
        "15": 1.0,
        "16": 1.0
    },
    "max_delta_step": {
        "0": 10.0,
        "1": 10.0,
        "2": 10.0,
        "3": 0.0,
        "4": 5.0,
        "5": 10.0,
        "6": 10.0,
        "7": 10.0,
        "8": 10.0,
        "9": 0.0,
        "10": 10.0,
        "11": 10.0,
        "12": 10.0,
        "13": 5.0,
        "14": 0.0,
        "15": 5.0,
        "16": 10.0
    },
    "min_child_weight": {
        "0": 1,
        "1": 1,
        "2": 1,
        "3": 1,
        "4": 1,
        "5": 1,
        "6": 1,
        "7": 1,
        "8": 1,
        "9": 1,
        "10": 1,
        "11": 1,
        "12": 1,
        "13": 1,
        "14": 1,
        "15": 1,
        "16": 1
    },
    "subsample": {
        "0": 0.9,
        "1": 0.9,
        "2": 0.9,
        "3": 0.7,
        "4": 0.9,
        "5": 0.9,
        "6": 0.9,
        "7": 0.9,
        "8": 0.9,
        "9": 1.0,
        "10": 0.9,
        "11": 0.7,
        "12": 0.5,
        "13": 0.9,
        "14": 0.9,
        "15": 0.4,
        "16": 0.9
    },
    "colsample_bytree": {
        "0": 0.8,
        "1": 0.8,
        "2": 0.8,
        "3": 0.5,
        "4": 0.35,
        "5": 0.8,
        "6": 0.8,
        "7": 0.8,
        "8": 0.8,
        "9": 0.6,
        "10": 0.8,
        "11": 0.8,
        "12": 0.9,
        "13": 0.4,
        "14": 0.35,
        "15": 0.9,
        "16": 0.8
    },
    "tree_method": {
        "0": "gpu_hist",
        "1": "gpu_hist",
        "2": "gpu_hist",
        "3": "gpu_hist",
        "4": "gpu_hist",
        "5": "gpu_hist",
        "6": "gpu_hist",
        "7": "gpu_hist",
        "8": "gpu_hist",
        "9": "gpu_hist",
        "10": "gpu_hist",
        "11": "gpu_hist",
        "12": "gpu_hist",
        "13": "gpu_hist",
        "14": "gpu_hist",
        "15": "gpu_hist",
        "16": "gpu_hist"
    },
    "grow_policy": {
        "0": "depthwise",
        "1": "depthwise",
        "2": "depthwise",
        "3": "depthwise",
        "4": "depthwise",
        "5": "depthwise",
        "6": "depthwise",
        "7": "depthwise",
        "8": "depthwise",
        "9": "lossguide",
        "10": "depthwise",
        "11": "lossguide",
        "12": "depthwise",
        "13": "lossguide",
        "14": "lossguide",
        "15": "depthwise",
        "16": "depthwise"
    },
    "min_data_in_bin": {
        "0": 10,
        "1": 10,
        "2": 10,
        "3": 5,
        "4": 5,
        "5": 10,
        "6": 10,
        "7": 10,
        "8": 10,
        "9": 5,
        "10": 10,
        "11": 1,
        "12": 1,
        "13": 5,
        "14": 1,
        "15": 5,
        "16": 10
    },
    "min_child_samples": {
        "0": 10,
        "1": 10,
        "2": 10,
        "3": 200,
        "4": 100,
        "5": 10,
        "6": 10,
        "7": 10,
        "8": 10,
        "9": 5,
        "10": 10,
        "11": 1,
        "12": 50,
        "13": 200,
        "14": 5,
        "15": 10,
        "16": 10
    },
    "boosting_type": {
        "0": "gbdt",
        "1": "gbdt",
        "2": "gbdt",
        "3": "dart",
        "4": "gbdt",
        "5": "gbdt",
        "6": "gbdt",
        "7": "gbdt",
        "8": "gbdt",
        "9": "dart",
        "10": "gbdt",
        "11": "gbdt",
        "12": "dart",
        "13": "rf",
        "14": "dart",
        "15": "dart",
        "16": "gbdt"
    },
    "early_stopping_rounds": {
        "0": 5,
        "1": 5,
        "2": 5,
        "3": 5,
        "4": 5,
        "5": 5,
        "6": 5,
        "7": 5,
        "8": 5,
        "9": 5,
        "10": 5,
        "11": 5,
        "12": 5,
        "13": 5,
        "14": 5,
        "15": 5,
        "16": 5
    },
    "num_classes": {
        "0": 2,
        "1": 2,
        "2": 2,
        "3": 2,
        "4": 2,
        "5": 2,
        "6": 2,
        "7": 2,
        "8": 2,
        "9": 2,
        "10": 2,
        "11": 2,
        "12": 2,
        "13": 2,
        "14": 2,
        "15": 2,
        "16": 2
    },
    "score_f_name": {
        "0": "AUC",
        "1": "AUC",
        "2": "AUC",
        "3": "AUC",
        "4": "AUC",
        "5": "AUC",
        "6": "AUC",
        "7": "AUC",
        "8": "AUC",
        "9": "AUC",
        "10": "AUC",
        "11": "AUC",
        "12": "AUC",
        "13": "AUC",
        "14": "AUC",
        "15": "AUC",
        "16": "AUC"
    },
    "objective": {
        "0": "binary",
        "1": "binary",
        "2": "binary",
        "3": "binary",
        "4": "xentropy",
        "5": "binary",
        "6": "binary",
        "7": "binary",
        "8": "binary",
        "9": "xentropy",
        "10": "binary",
        "11": "binary",
        "12": "binary",
        "13": "xentropy",
        "14": "binary",
        "15": "binary",
        "16": "binary"
    },
    "eval_metric": {
        "0": "logloss",
        "1": "logloss",
        "2": "logloss",
        "3": "logloss",
        "4": "logloss",
        "5": "logloss",
        "6": "logloss",
        "7": "logloss",
        "8": "logloss",
        "9": "logloss",
        "10": "logloss",
        "11": "logloss",
        "12": "logloss",
        "13": "logloss",
        "14": "logloss",
        "15": "logloss",
        "16": "logloss"
    },
    "random_state": {
        "0": 1234,
        "1": 1234,
        "2": 1234,
        "3": 1234,
        "4": 1234,
        "5": 1234,
        "6": 1234,
        "7": 1234,
        "8": 1234,
        "9": 1234,
        "10": 1234,
        "11": 1234,
        "12": 1234,
        "13": 1234,
        "14": 272001440,
        "15": 1234,
        "16": 1234
    },
    "early_stopping_threshold": {
        "0": 0.0001,
        "1": 0.0001,
        "2": 0.0001,
        "3": 0.0001,
        "4": 0.0001,
        "5": 0.0001,
        "6": 0.0001,
        "7": 0.0001,
        "8": 0.0001,
        "9": 0.0001,
        "10": 0.0001,
        "11": 0.0001,
        "12": 0.0001,
        "13": 0.0001,
        "14": 0.0001,
        "15": 0.0001,
        "16": 0.0001
    },
    "monotonicity_constraints": {
        "0": false,
        "1": false,
        "2": false,
        "3": false,
        "4": false,
        "5": false,
        "6": false,
        "7": false,
        "8": false,
        "9": false,
        "10": false,
        "11": false,
        "12": false,
        "13": false,
        "14": false,
        "15": false,
        "16": false
    },
    "silent": {
        "0": true,
        "1": true,
        "2": true,
        "3": true,
        "4": true,
        "5": true,
        "6": true,
        "7": true,
        "8": true,
        "9": true,
        "10": true,
        "11": true,
        "12": true,
        "13": true,
        "14": true,
        "15": true,
        "16": true
    },
    "debug_verbose": {
        "0": 0,
        "1": 0,
        "2": 0,
        "3": 0,
        "4": 0,
        "5": 0,
        "6": 0,
        "7": 0,
        "8": 0,
        "9": 0,
        "10": 0,
        "11": 0,
        "12": 0,
        "13": 0,
        "14": 0,
        "15": 0,
        "16": 0
    },
    "model_origin": {
        "0": "DefaultIndiv: do_te:False,interp:1,depth:6,num_as_cat:False",
        "1": "DefaultIndiv: do_te:True,interp:11,depth:6,num_as_cat:False",
        "2": "DefaultIndiv: do_te:True,interp:1,depth:6,num_as_cat:False",
        "3": "RANDOM",
        "4": "RANDOM",
        "5": "DefaultIndiv: do_te:True,interp:1,depth:10,num_as_cat:False",
        "6": "DefaultIndiv: do_te:False,interp:1,depth:10,num_as_cat:False",
        "7": "DefaultIndiv: do_te:True,interp:11,depth:10,num_as_cat:False",
        "8": "DefaultIndiv: do_te:False,interp:11,depth:10,num_as_cat:False",
        "9": "RANDOM",
        "10": "SEQUENCE",
        "11": "RANDOM",
        "12": "RANDOM",
        "13": "RANDOM",
        "14": "BRAIN_1",
        "15": "RANDOM",
        "16": "GLM_OHE"
    },
    "rate_drop": {
        "0": 0.1,
        "1": 0.1,
        "2": 0.1,
        "3": 0.2,
        "4": 0.2,
        "5": 0.1,
        "6": 0.1,
        "7": 0.1,
        "8": 0.1,
        "9": 0.01,
        "10": 0.1,
        "11": 0.1,
        "12": 0.2,
        "13": 0.01,
        "14": 0.01,
        "15": 0.1,
        "16": 0.1
    },
    "skip_drop": {
        "0": 0.6,
        "1": 0.6,
        "2": 0.6,
        "3": 0.6,
        "4": 0.5,
        "5": 0.6,
        "6": 0.6,
        "7": 0.6,
        "8": 0.6,
        "9": 0.4,
        "10": 0.6,
        "11": 0.5,
        "12": 0.5,
        "13": 0.4,
        "14": 0.4,
        "15": 0.6,
        "16": 0.6
    },
    "max_drop": {
        "0": 100,
        "1": 100,
        "2": 100,
        "3": 100,
        "4": 200,
        "5": 100,
        "6": 100,
        "7": 100,
        "8": 100,
        "9": 100,
        "10": 100,
        "11": 100,
        "12": 200,
        "13": 100,
        "14": 50,
        "15": 100,
        "16": 100
    },
    "subsample_freq": {
        "0": 1,
        "1": 1,
        "2": 1,
        "3": 1,
        "4": 1,
        "5": 1,
        "6": 1,
        "7": 1,
        "8": 1,
        "9": 20,
        "10": 1,
        "11": 10,
        "12": 20,
        "13": 5,
        "14": 10,
        "15": 10,
        "16": 1
    },
    "is_unbalance": {
        "0": false,
        "1": false,
        "2": false,
        "3": false,
        "4": true,
        "5": false,
        "6": false,
        "7": false,
        "8": false,
        "9": true,
        "10": false,
        "11": false,
        "12": false,
        "13": true,
        "14": false,
        "15": true,
        "16": false
    },
    "scores": {
        "0": 0.9215600551,
        "1": 0.9214711461,
        "2": 0.9214044079,
        "3": 0.919212416,
        "4": 0.919065355,
        "5": 0.9189001755,
        "6": 0.918870895,
        "7": 0.9185931592,
        "8": 0.918555549,
        "9": 0.9177471174,
        "10": 0.9177434392,
        "11": 0.9176277884,
        "12": 0.9132624881,
        "13": 0.9082420992,
        "14": 0.8749641956,
        "15": 0.7151139382,
        "16": 0.5
    },
    "scores_sd": {
        "0": 0.0008876475,
        "1": 0.0009026659,
        "2": 0.0008595636,
        "3": 0.0009729226,
        "4": 0.0010259027,
        "5": 0.0009260504,
        "6": 0.0009601002,
        "7": 0.0009756177,
        "8": 0.0009011084,
        "9": 0.0009658026,
        "10": 0.0009969012,
        "11": 0.0010254282,
        "12": 0.0012158687,
        "13": 0.0009649891,
        "14": 0.0016573427,
        "15": 0.0006064018,
        "16": 0.0
    },
    "training_times": {
        "0": 6.7084863186,
        "1": 6.5707373619,
        "2": 6.4539783001,
        "3": 10.8750247955,
        "4": 20.5046219826,
        "5": 8.8343689442,
        "6": 8.3715775013,
        "7": 8.3436989784,
        "8": 7.7880353928,
        "9": 9.2891323566,
        "10": 38.5588796139,
        "11": 34.5000834465,
        "12": 9.9379262924,
        "13": 11.1701622009,
        "14": 8.1033637524,
        "15": 7.7299385071,
        "16": 55.1186709404
    },
    "rel_time": {
        "0": 0.1217098708,
        "1": 0.1192107366,
        "2": 0.1170924151,
        "3": 0.1973020142,
        "4": 0.372008643,
        "5": 0.1602790632,
        "6": 0.1518827896,
        "7": 0.1513769987,
        "8": 0.1412957762,
        "9": 0.1685296869,
        "10": 0.6995611279,
        "11": 0.625923718,
        "12": 0.1803005429,
        "13": 0.2026565955,
        "14": 0.1470166754,
        "15": 0.1402417434,
        "16": 1.0
    },
    "optimal_n_estimators": {
        "0": 158,
        "1": 143,
        "2": 137,
        "3": 66,
        "4": 68,
        "5": 72,
        "6": 66,
        "7": 64,
        "8": 66,
        "9": 59,
        "10": 61,
        "11": 77,
        "12": 30,
        "13": 12,
        "14": 121,
        "15": 2,
        "16": 12
    },
    "rel_optimal_n_estimators": {
        "0": 1.0,
        "1": 0.9050632911,
        "2": 0.8670886076,
        "3": 0.417721519,
        "4": 0.4303797468,
        "5": 0.4556962025,
        "6": 0.417721519,
        "7": 0.4050632911,
        "8": 0.417721519,
        "9": 0.3734177215,
        "10": 0.3860759494,
        "11": 0.4873417722,
        "12": 0.1898734177,
        "13": 0.0759493671,
        "14": 0.7658227848,
        "15": 0.0126582278,
        "16": 0.0759493671
    },
    "ngenes_start": {
        "0": 44,
        "1": 44,
        "2": 44,
        "3": 110,
        "4": 218,
        "5": 44,
        "6": 44,
        "7": 44,
        "8": 44,
        "9": 110,
        "10": 44,
        "11": 44,
        "12": 110,
        "13": 110,
        "14": 29,
        "15": 110,
        "16": 76
    },
    "ngenes_max": {
        "0": 100000000,
        "1": 100000000,
        "2": 100000000,
        "3": 100000000,
        "4": 100000000,
        "5": 100000000,
        "6": 100000000,
        "7": 100000000,
        "8": 100000000,
        "9": 100000000,
        "10": 100000000,
        "11": 100000000,
        "12": 100000000,
        "13": 100000000,
        "14": 100000000,
        "15": 100000000,
        "16": 100000000
    },
    "ngenes": {
        "0": 44,
        "1": 44,
        "2": 44,
        "3": 109,
        "4": 208,
        "5": 44,
        "6": 44,
        "7": 44,
        "8": 44,
        "9": 103,
        "10": 311,
        "11": 238,
        "12": 108,
        "13": 108,
        "14": 29,
        "15": 16,
        "16": 1
    },
    "nfeatures_max": {
        "0": 100000000,
        "1": 100000000,
        "2": 100000000,
        "3": 100000000,
        "4": 100000000,
        "5": 100000000,
        "6": 100000000,
        "7": 100000000,
        "8": 100000000,
        "9": 100000000,
        "10": 100000000,
        "11": 100000000,
        "12": 100000000,
        "13": 100000000,
        "14": 100000000,
        "15": 100000000,
        "16": 100000000
    },
    "nfeatures": {
        "0": 44,
        "1": 44,
        "2": 44,
        "3": 159,
        "4": 331,
        "5": 44,
        "6": 44,
        "7": 44,
        "8": 44,
        "9": 142,
        "10": 551,
        "11": 381,
        "12": 155,
        "13": 158,
        "14": 52,
        "15": 17,
        "16": 1
    },
    "rel_scores": {
        "0": 1.0,
        "1": 0.9999035234,
        "2": 0.9998311047,
        "3": 0.9974525382,
        "4": 0.9972929598,
        "5": 0.9971137208,
        "6": 0.997081948,
        "7": 0.9967805724,
        "8": 0.9967397609,
        "9": 0.9958625184,
        "10": 0.9958585272,
        "11": 0.9957330327,
        "12": 0.9909961734,
        "13": 0.9855484667,
        "14": 0.9494380652,
        "15": 0.775981917,
        "16": 0.5425582383
    },
    "complexity": {
        "0": 3879.9917525686,
        "1": 3511.6381051728,
        "2": 3364.2966462145,
        "3": 5902.8051370768,
        "4": 7893.9302860083,
        "5": 6340.5668527933,
        "6": 5812.1862817272,
        "7": 5636.0594247052,
        "8": 5812.1862817272,
        "9": 615.3924050633,
        "10": 21734.9229300496,
        "11": 1855.7974683544,
        "12": 3712.0420796669,
        "13": 8399.3924050633,
        "14": 710.6835443038,
        "15": 6.4810126582,
        "16": 6.6973390436
    },
    "z-score": {
        "0": 0.0,
        "1": 0.1001625305,
        "2": 0.1753479411,
        "3": 2.6447874916,
        "4": 2.8104625641,
        "5": 2.9965494012,
        "6": 3.0295360212,
        "7": 3.3424256668,
        "8": 3.3847964177,
        "9": 4.2955538741,
        "10": 4.2996976324,
        "11": 4.4299866299,
        "12": 9.3478174191,
        "13": 15.0036535244,
        "14": 52.4936512929,
        "15": 232.576683808,
        "16": 474.9183036085
    },
    "isbest": {
        "0": "",
        "1": "",
        "2": "*",
        "3": "",
        "4": "",
        "5": "",
        "6": "",
        "7": "",
        "8": "",
        "9": "",
        "10": "",
        "11": "",
        "12": "",
        "13": "",
        "14": "",
        "15": "",
        "16": ""
    },
    "good": {
        "0": "+",
        "1": "+",
        "2": "+",
        "3": "",
        "4": "",
        "5": "",
        "6": "",
        "7": "",
        "8": "",
        "9": "",
        "10": "",
        "11": "",
        "12": "",
        "13": "",
        "14": "",
        "15": "",
        "16": ""
    }
}